No,JANコード,商品名,,リスク分類区分,原価,税抜き売価,切り捨てた税抜き売価,粗利率,,切り捨てた税込み売価
473,4511413404393,ＤＨＣコンドロイチン２０日分６０粒,8,0,506,708.4,708,0.285714286,764.64,764
468,4511413404171,ＤＨＣカルニチン６０日分３００粒,8,0,1600,2240,2240,0.285714286,2419.2,2419
443,4511413401972,ＤＨＣブルーベリーエキス６０日,8,0,1120,1568,1568,0.285714286,1693.44,1693
453,4511413403723,ＤＨＣコエンザイム６０日１２０粒,8,0,1100,1540,1540,0.285714286,1663.2,1663
478,4511413404683,ＤＨＣ極らくらく２０日１２０粒,8,0,945,1323,1323,0.285714286,1428.84,1428
479,4511413404799,ＤＨＣ　肝臓エキス＋オルニチン２０日　６０粒,8,0,635,889,889,0.285714286,960.12,960
450,4511413403600,ＤＨＣマルチミネラル６０日分１８０粒,8,0,600,840,840,0.285714286,907.2,907
485,4511413405222,ＤＨＣカルシウムマグ６０日分１８０粒,8,0,525,735,735,0.285714286,793.8,793
483,4511413405055,ＤＨＣ　６０日天然ビタミンＥ大豆　６０粒,8,0,525,735,735,0.285714286,793.8,793
464,4511413404126,ＤＨＣマルチビタミン６０日６０粒,8,0,420,588,588,0.285714286,635.04,635
460,4511413404065,ＤＨＣ濃縮ウコン２０日４０粒,8,0,380,532,532,0.285714286,574.56,574
480,4511413404874,ＤＨＣ２０日はとむぎエキス２０粒,8,0,305,427,427,0.285714286,461.16,461
465,4511413404133,ＤＨＣビタミンＣ（ハードカプセル）６０日１２０粒,8,0,300,420,420,0.285714286,453.6,453
459,4511413404058,ＤＨＣビタミンＣ（ハードカプセル）４０粒,8,0,120,168,168,0.285714286,181.44,181
461,4511413404072,ＤＨＣコラーゲン２０日１２０粒,8,0,360,504,504,0.285714286,544.32,544
447,4511413403143,ＤＨＣ２０日分フォースコリー８０粒　３２．４ｇ,8,0,1373,1922.2,1922,0.285714286,2075.76,2075
449,4511413403570,ＤＨＣアルファリポ酸６０日分１２０粒,8,0,1233,1726.2,1726,0.285714286,1864.08,1864
446,4511413403013,ＤＨＣ２０日分ダイエットパワー６０粒,8,0,853,1194.2,1194,0.285714286,1289.52,1289
455,4511413403853,ＤＨＣマカ２０日６０粒,8,0,833,1166.2,1166,0.285714286,1259.28,1259
4,4511413403389,ＤＨＣ醗酵黒セサミンプラス２０日分１２０粒,8,0,833,1166.2,1166,0.285714286,1259.28,1259
487,4511413405451,ＤＨＣ速攻ブルーベリー２０日４０粒,8,0,693,970.2,970,0.285714286,1047.6,1047
462,4511413404096,ＤＨＣカルニチン２０日１００粒,8,0,633,886.2,886,0.285714286,956.88,956
444,4511413402405,ＤＨＣトンカットアリエキス２０日分２０粒,8,0,1201,1681.4,1681,0.285714286,1815.48,1815
466,4511413404140,ＤＨＣ濃縮ウコン６０日１２０粒,8,0,1066,1492.4,1492,0.285714286,1611.36,1611
476,4511413404607,ＤＨＣオルニチン２０日１００粒,8,0,533,746.2,746,0.285714286,805.68,805
470,4511413404294,ＤＨＣギムネマ２０日６０粒,8,0,533,746.2,746,0.285714286,805.68,805
5,4511413404157,ＤＨＣコラーゲン６０日分３６０粒,8,0,966,1352.4,1352,0.285714286,1460.16,1460
448,4511413403310,ＤＨＣヒアルロン酸６０日分１２０粒,8,0,1827,2557.8,2557,0.285714286,2761.56,2761
472,4511413404386,ＤＨＣグルコサミン２０日分１２０粒,8,0,413,578.2,578,0.285714286,624.24,624
457,4511413403914,ＤＨＣセントジョーンズワート２０日８０粒,8,0,413,578.2,578,0.285714286,624.24,624
440,4511413401521,ＤＨＣ　ブルーベリーエキス,8,0,413,578.2,578,0.285714286,624.24,624
438,4511413401323,ＤＨＣ　ニュースリム,8,0,1064,1489.6,1489,0.285714286,1608.12,1608
445,4511413402801,ＤＨＣ熟成黒ニンニク６０粒,8,0,734,1027.6,1027,0.285714286,1109.16,1109
454,4511413403730,ＤＨＣ亜鉛６０日６０粒,8,0,366,512.4,512,0.285714286,552.96,552
441,4511413401569,ＤＨＣ　メリロート,8,0,504,705.6,705,0.285714286,761.4,761
484,4511413405185,ＤＨＣカルシウム＋ＣＢＰ６０日分　２４０粒,8,0,602,842.8,842,0.285714286,909.36,909
469,4511413404270,ＤＨＣキトサン２０日６０粒,8,0,301,421.4,421,0.285714286,454.68,454
486,4511413405314,ＤＨＣ２０日バージンココナッツオイル１００粒,8,0,359,502.6,502,0.285714286,542.16,542
467,4511413404164,ＤＨＣビタミンＢミックス６０日分１２０粒,8,0,287,401.8,401,0.285714286,433.08,433
6,4511413405215,ＤＨＣカルシウムマグ２０日分６０粒,8,0,189,264.6,264,0.285714286,285.12,285
463,4511413404119,ＤＨＣ亜鉛２０日２０粒,8,0,126,176.4,176,0.285714286,190.08,190
458,4511413404041,ＤＨＣマルチビタミン２０日２０粒,8,0,167,233.8,233,0.285714286,251.64,251
1436,4987879610096,しおナイン４８Ｐ　ＪＶＦ,8,0,740,1110,1110,0.333333333,1198.8,1198
1374,4987286416021,ハッカ油食品添加物２０ｍｌ,8,0,309,463.5,463,0.333333333,500.04,500
370,4987243181238,アバンビーズオーラルタブレット７日,8,0,633,949.5,949,0.333333333,1024.92,1024
1313,4987240601753,らくらく服薬ゼリーレモン　スティックタイプ,8,0,231,346.5,346,0.333333333,373.68,373
1311,4987240601456,おくすり飲めたねチアパックぶどう味２００ｇ,8,0,231,346.5,346,0.333333333,373.68,373
1310,4987240601302,おくすり飲めたねスティックぶどう２５ｇ×６本,8,0,234,351,351,0.333333333,379.08,379
209,4987072075111,小林ＤＨＡ・ＥＰＡ・ナットウキナーゼ３０カプセル,8,0,900,1350,1350,0.333333333,1458,1458
206,4987072072059,小林　ＣｏＱ１０　αリポ酸　Ｌカルニチン　６０粒,8,0,1440,2160,2160,0.333333333,2332.8,2332
203,4987072069219,小林製薬葉酸３０粒,8,0,288,432,432,0.333333333,466.56,466
945,4987072060902,エクオールαプラス美容サポート　６０粒,8,0,1680,2520,2520,0.333333333,2721.6,2721
193,4987072059708,小林コレステヘルプ　６０粒,8,0,1200,1800,1800,0.333333333,1944,1944
192,4987072059654,イージーファイバー乳酸菌プレミアム３０パック,8,0,1080,1620,1620,0.333333333,1749.6,1749
189,4987072058084,腸活ヘルプ　３０粒,8,0,1320,1980,1980,0.333333333,2138.4,2138
935,4987072057100,ブルーベリーＥＸ　６０粒,8,0,1440,2160,2160,0.333333333,2332.8,2332
184,4987072056288,血圧ヘルプ　３０粒,8,0,1080,1620,1620,0.333333333,1749.6,1749
182,4987072054819,葉酸鉄カルシウム９０粒,8,0,570,855,855,0.333333333,923.4,923
926,4987072053522,小林セサミンＤＸ　６０粒,8,0,1680,2520,2520,0.333333333,2721.6,2721
179,4987072053416,小林ノコギリヤシ６０粒,8,0,1080,1620,1620,0.333333333,1749.6,1749
177,4987072052334,小林野菜と酵素１２０粒,8,0,1080,1620,1620,0.333333333,1749.6,1749
175,4987072051313,小林健脳ヘルプ４５粒,8,0,1620,2430,2430,0.333333333,2624.4,2624
174,4987072051306,マカ亜鉛プレミアム９０粒,8,0,1620,2430,2430,0.333333333,2624.4,2624
173,4987072050262,小林ノコギリヤシＥＸ６０粒,8,0,1500,2250,2250,0.333333333,2430,2430
169,4987072047354,小林ロコエール２７０粒,8,0,1800,2700,2700,0.333333333,2916,2916
144,4987072034361,イージーファイバーダイエット３０包,8,0,914,1371,1371,0.333333333,1480.68,1480
139,4987072030233,小林ＤＨＡ・ＥＰＡ・α－リノレン酸１８０粒,8,0,1500,2250,2250,0.333333333,2430,2430
138,4987072030097,イージーファイバーパウチ２８０ｇ,8,0,945,1417.5,1417,0.333333333,1530.36,1530
875,4987072025420,小林カルシウムビタミンＤ大豆イソフラボン１５０粒,8,0,480,720,720,0.333333333,777.6,777
131,4987072025413,小林ＤＨＡイチョウ葉アスタキサンチン９０粒,8,0,1680,2520,2520,0.333333333,2721.6,2721
129,4987072023648,小林ブルーベリーお徳用６０粒,8,0,1596,2394,2394,0.333333333,2585.52,2585
128,4987072021392,小林ヘム鉄葉酸ビタミンＢ１２　９０粒,8,0,900,1350,1350,0.333333333,1458,1458
868,4987072018323,噛むブレスケアレモン８０粒,8,0,468,702,702,0.333333333,758.16,758
867,4987072016350,小林杜仲茶１．５ｇ×５０Ｈ,8,0,852,1278,1278,0.333333333,1380.24,1380
864,4987072015896,小林製薬ＥＰＡ１５０粒,8,0,720,1080,1080,0.333333333,1166.4,1166
863,4987072015858,小林製薬コエンザイムＱ１０　６０粒,8,0,1080,1620,1620,0.333333333,1749.6,1749
862,4987072014325,亜鉛お得用２２０ＭＧ×１２０粒,8,0,972,1458,1458,0.333333333,1574.64,1574
861,4987072012987,マルチビタミン徳用６０粒（６０日）,8,0,690,1035,1035,0.333333333,1117.8,1117
860,4987072012963,ビタミンＣ徳用１８０粒,8,0,342,513,513,0.333333333,554.04,554
859,4987072012956,ビタミンＢ群徳用１２０粒（６０日）,8,0,402,603,603,0.333333333,651.24,651
121,4987072009963,小林野菜粒１５０粒,8,0,480,720,720,0.333333333,777.6,777
845,4987061082052,金銀花のど飴７０ｇ,8,0,162,243,243,0.333333333,262.44,262
51,4961507111520,私の青汁４ｇ×６０袋,8,0,1500,2250,2250,0.333333333,2430,2430
698,4961507110462,私の青汁４ｇ×３０袋,8,0,900,1350,1350,0.333333333,1458,1458
697,4961507109558,青汁のめぐり　３０袋３０袋,8,0,1200,1800,1800,0.333333333,1944,1944
696,4961507104904,まろやかケール４．５ｇ×６０袋,8,0,2400,3600,3600,0.333333333,3888,3888
693,4960867006330,スーパーコンブチャ５６粒,8,0,1188,1782,1782,0.333333333,1924.56,1924
692,4960867005821,コンブチャ４２粒,8,0,979,1468.5,1468,0.333333333,1585.44,1585
46,4946842638727,ＲＡＫＵＮＥ発酵大豆イソフラボン＆エクオール２８,8,0,1247,1870.5,1870,0.333333333,2019.6,2019
688,4946842638536,ネナイト３０日分１２０粒,8,0,1197,1795.5,1795,0.333333333,1938.6,1938
44,4946842524563,濃ーいりんご８８ｇ,8,0,140,210,210,0.333333333,226.8,226
43,4946842524174,濃ーいマンゴー８８ｇ,8,0,140,210,210,0.333333333,226.8,226
634,4903050505111,雪印メグミルク毎日骨太スキムスティック１６ｇ×７,8,0,292,438,438,0.333333333,473.04,473
631,4902508204439,ピジョン葉酸タブレットＣａプラス６０粒,8,0,814,1221,1221,0.333333333,1318.68,1318
560,4901080661111,プラセンタＣゼリー７本入,8,0,275,412.5,412,0.333333333,444.96,444
530,4571169854910,なかったことにＲ４０ＶＭ１２０粒,8,0,1008,1512,1512,0.333333333,1632.96,1632
529,4571169854897,なかったことにＶＭ２７０粒,8,0,1788,2682,2682,0.333333333,2896.56,2896
527,4571169854798,なんとかしたいお腹の脂肪！２８粒,8,0,948,1422,1422,0.333333333,1535.76,1535
18,4560264298811,夜遅いごはんでも眠ってる間に２８日分１９６粒,8,0,1488,2232,2232,0.333333333,2410.56,2410
525,4547091960005,ＺＫナイン６０粒　ＪＶＦ,8,0,2900,4350,4350,0.333333333,4698,4698
524,4544392020018,スターリミルク２０ｇ×３２袋,8,0,8000,12000,12000,0.333333333,12960,12960
523,4530503899390,まもり高める乳酸菌パウダースティック　７本入,8,0,376,564,564,0.333333333,609.12,609
522,4530503899093,まもり高める乳酸菌Ｌ１３７　１００ｍｌ,8,0,98,147,147,0.333333333,158.76,158
521,4530503895354,ウコンの力超ＭＡＸ粒ハコ　３ＴＸ７Ｈ,8,0,1045,1567.5,1567,0.333333333,1692.36,1692
520,4530503892049,ネルノダ粒タイプ　２２袋,8,0,2086,3129,3129,0.333333333,3379.32,3379
518,4530503884594,ネルノダ粒１０袋,8,0,1045,1567.5,1567,0.333333333,1692.36,1692
517,4530503884587,ネルノダ粒１袋,8,0,113,169.5,169,0.333333333,182.52,182
516,4530503882828,ネルノダドリンク１００ｍｌ,8,0,168,252,252,0.333333333,272.16,272
515,4530503882613,まもり高める乳酸菌Ｌー１３７Ｄパウダー３０Ｐ,8,0,1505,2257.5,2257,0.333333333,2437.56,2437
512,4530503704182,ウコンの力顆粒１．５ｇ×３０包,8,0,1710,2565,2565,0.333333333,2770.2,2770
7,4530503081160,新玄サプリ米［カルシウム］　５０ｇ,8,0,285,427.5,427,0.333333333,461.16,461
510,4530503080347,新玄サプリ米［ビタミン・鉄分］　５０ｇ,8,0,285,427.5,427,0.333333333,461.16,461
419,4987767650050,コラージュＤメディパワー保湿入浴剤５００ｍｌ,,0,2100,3000,3000,0.3,3300,3300
418,4987767650012,コラージュＤメディパワー薬用保湿ジェル　１５０ｍ,,0,1960,2800,2800,0.3,3080,3080
417,4987767625980,コラージュフルフル泡石鹸ピンク　３００ｍｌ,,0,1656,2300,2300,0.28,2530,2530
414,4987767625959,コラージュフルフル泡石鹸３００ｍｌ,,0,1656,2300,2300,0.28,2530,2530
415,4987767625966,コラージュフルフル泡石鹸ピンク　１５０ｍｌ,,0,1296,1800,1800,0.28,1980,1980
416,4987767625973,コラージュフルフル泡石鹸ピンク替え２１０ｍｌ,,0,993,1380,1380,0.280434783,1518,1518
413,4987767625942,コラージュフルフル泡石鹸替２１０ｍｌ,,0,993,1380,1380,0.280434783,1518,1518
1474,4987910710815,☆ベンザブロックＩＰプレミアム錠　４５Ｔ,,2,1358,2037,2037,0.333333333,2240.7,2240
1473,4987910710808,☆ベンザブロックＩＰプレミアム錠　３０Ｔ,,2,1086,1629,1629,0.333333333,1791.9,1791
1472,4987910710792,☆ベンザブロックＬプレミアム錠　４５Ｔ,,2,1358,2037,2037,0.333333333,2240.7,2240
1471,4987910710785,☆ベンザブロックＬプレミアム錠　３０Ｔ,,2,1086,1629,1629,0.333333333,1791.9,1791
1470,4987910710778,☆ベンザブロックＳプレミアム錠　４５Ｔ,,2,1358,2037,2037,0.333333333,2240.7,2240
1469,4987910710761,☆ベンザブロックＳプレミアム錠　３０Ｔ,,2,1086,1629,1629,0.333333333,1791.9,1791
1468,4987910710754,☆ベンザブロックＩＰプレミアム　２４Ｔ,,2,1358,2037,2037,0.333333333,2240.7,2240
1467,4987910710747,☆ベンザブロックＩＰプレミアム　１２Ｔ,,2,950,1425,1425,0.333333333,1567.5,1567
1466,4987910710730,☆ベンザブロックＬプレミアム　２４Ｔ,,2,1358,2037,2037,0.333333333,2240.7,2240
1465,4987910710723,☆ベンザブロックＬプレミアム　１２Ｔ,,2,950,1425,1425,0.333333333,1567.5,1567
1464,4987910710655,☆ベンザブロックＳプレミアム　２４Ｔ,,2,1358,2037,2037,0.333333333,2240.7,2240
1463,4987910710648,☆ベンザブロックＳプレミアム　１２Ｔ,,2,950,1425,1425,0.333333333,1567.5,1567
1462,4987910710600,ビオスリーＨ３６包,,0,897,1345,1345,0.333085502,1479.5,1479
1461,4987910710594,ビオスリーＨＩ錠２７０錠,,0,2067,3100,3100,0.333225806,3410,3410
1460,4987910710587,ビオスリーＨＩ錠１８０錠,,0,1482,2223,2223,0.333333333,2445.3,2445
1459,4987910710570,ビオスリーＨＩ錠４２錠,,0,637,955,955,0.332984293,1050.5,1050
437,4987910710464,内服ボラギノールＥＰ　１６包,,3,1701,2551,2551,0.333202666,2806.1,2806
1458,4987910001234,アリナミンＥＸプラスα　２８０錠,,4,7283,10924,10924,0.333302819,12016.4,12016
1457,4987910001227,アリナミンＥＸプラスα　１４０錠,,4,3805,5707,5707,0.333274926,6277.7,6277
1456,4987910001210,アリナミンＥＸプラスα　２４錠,,4,805,1207.5,1207,0.333333333,1327.7,1327
1455,4987910001203,アリナミンＥＸプラスα　８０錠,,4,2392,3588,3588,0.333333333,3946.8,3946
1454,4987904600740,パイロンＰＬ　Ｐｒｏマスク　５枚,,0,553,829.5,829,0.333333333,911.9,911
436,4987904100998,☆パイロンＰＬ顆粒Ｐｒｏ　１２包,,2,1092,1638,1638,0.333333333,1801.8,1801
1450,4987904100974,☆メジコンせき止め錠Ｐｒｏ　２０錠,,3,858,1287,1287,0.333333333,1415.7,1415
435,4987904100868,☆リンデロンＶＳクリーム１０Ｇ,,2,1287,1930.5,1930,0.333333333,2123,2123
434,4987904100851,☆リンデロンＶＳクリーム５Ｇ,,2,702,1053,1053,0.333333333,1158.3,1158
433,4987904100844,☆リンデロンＶＳ軟膏１０Ｇ,,2,1287,1930.5,1930,0.333333333,2123,2123
432,4987904100837,☆リンデロンＶＳ軟膏５Ｇ,,2,702,1053,1053,0.333333333,1158.3,1158
1449,4987904100806,☆パイロンＰＬ錠ゴールド　３０錠,,2,1547,2320.5,2320,0.333333333,2552,2552
431,4987904100790,☆パイロンＰＬ錠ゴールド　１８錠,,2,1092,1638,1638,0.333333333,1801.8,1801
430,4987904100783,スート顆粒　１４包,,0,756,1134,1134,0.333333333,1247.4,1247
1448,4987904100776,シナールＥＸＰＲＯチュアブルジョウ　２４０Ｔ,,4,2086,3129,3129,0.333333333,3441.9,3441
429,4987904100639,ベリックスＢＥプラス　２４０錠,,4,2279,3418.5,3418,0.333333333,3759.8,3759
428,4987904100615,ベリックスＢＥプラス　６０錠,,4,740,1110,1110,0.333333333,1221,1221
1446,4987904100486,☆パイロンＰＬ錠　４８錠,,2,1287,1930.5,1930,0.333333333,2123,2123
1445,4987904100479,☆パイロンＰＬ錠　２４錠,,2,813,1219.5,1219,0.333333333,1340.9,1340
427,4987904100455,シナールＬホワイトエクシア１８０錠,,4,1806,2709,2709,0.333333333,2979.9,2979
426,4987904100387,シナールＥＸチュアブル錠Ｅ３００錠,,4,1666,2499,2499,0.333333333,2748.9,2748
1444,4987904100370,シナールＥＸチュアブル錠Ｅ６０錠,,4,458,687,687,0.333333333,755.7,755
425,4987904100363,シナールＥＸ顆粒Ｅ６０包,,4,1298,1947,1947,0.333333333,2141.7,2141
1443,4987904100356,シナールＥＸ顆粒Ｅ１２包,,4,441,661.5,661,0.333333333,727.1,727
424,4987904100332,☆パイロンＰＬ顆粒２４包,,2,1287,1930.5,1930,0.333333333,2123,2123
1442,4987904100325,イソジンクリアうがい薬Ｍ２００ｍｌ,,0,680,1020,1020,0.333333333,1122,1122
1441,4987904100318,イソジンクリアうがい薬Ａ２００ｍｌ,,0,680,1020,1020,0.333333333,1122,1122
423,4987904100264,ベリチーム酵素２７包,,4,1482,2223,2223,0.333333333,2445.3,2445
1440,4987904100226,イソジン薬用泡ハンドウォッシュＦ２５０ｍｌ,,0,665,997.5,997,0.333333333,1096.7,1096
1439,4987904100219,イソジンのどフレッシュ２５ｍｌ,,4,630,945,945,0.333333333,1039.5,1039
1438,4987904100202,イソジンのどフレッシュ１２ｍｌ,,4,420,630,630,0.333333333,693,693
422,4987904100134,ベリチーム酵素９包,,4,598,897,897,0.333333333,986.7,986
1437,4987904100097,☆パイロンＰＬ顆粒１２包,,2,813,1219.5,1219,0.333333333,1340.9,1340
1435,4987774567471,ピロエースＷ液２５ｍｌ,,3,962,1443,1443,0.333333333,1587.3,1587
1434,4987774263137,☆オイラックスＡ３０ｇ,,2,1235,1852.5,1852,0.333333333,2037.2,2037
421,4987774263120,☆オイラックスＡ２０ｇ,,2,910,1365,1365,0.333333333,1501.5,1501
420,4987774263113,☆オイラックスＡ１０ｇ,,2,520,780,780,0.333333333,858,858
1433,4987435549396,メディータム休足休眠ＰＫリラックマ１８枚　ＪＶＦ,,0,416,624,624,0.333333333,686.4,686
1432,4987435549372,メディータム休足休眠ＧＲリラックマ１８枚　ＪＶＦ,,0,416,624,624,0.333333333,686.4,686
412,4987426300227,☆ムヒパッチＡ７６枚,,4,383,574.5,574,0.333333333,631.4,631
411,4987426300128,☆ムヒパッチＡ３８枚,,4,225,337.5,337,0.333333333,370.7,370
410,4987426113612,ムヒこどもアイスーパー１５ｍｌ,,4,306,459,459,0.333333333,504.9,504
409,4987426110000,☆ムヒＳ１８ｇ,,4,325,487.5,487,0.333333333,535.7,535
408,4987426002824,☆ムヒＡＺ錠　２４錠,,0,1260,1890,1890,0.333333333,2079,2079
1431,4987426002817,☆ムヒダストメル　１５Ｇ,,4,665,997.5,997,0.333333333,1096.7,1096
407,4987426002787,☆バストップケア　１５ｍｌ,,4,665,997.5,997,0.333333333,1096.7,1096
406,4987426002770,☆液体アセムヒＥＸ　３５ｍｌ,,2,840,1260,1260,0.333333333,1386,1386
405,4987426002725,☆ムヒＥＲ　１５ｍｌ,,2,840,1260,1260,0.333333333,1386,1386
404,4987426002671,☆ムヒＨＤｍ３０ｍｌ,,2,840,1260,1260,0.333333333,1386,1386
403,4987426002664,☆ムヒＨＤ３０ｍｌ,,2,840,1260,1260,0.333333333,1386,1386
402,4987426002657,☆ポケムヒｓハローキティ１５ｍｌ,,4,372,558,558,0.333333333,613.8,613
401,4987426002640,☆ポケムヒｓ１５ｍｌ,,4,372,558,558,0.333333333,613.8,613
400,4987426002633,ムヒのキズテープＬａ８枚,,0,189,283.5,283,0.333333333,311.3,311
399,4987426002626,ムヒのキズテープ２０枚,,0,158,237,237,0.333333333,260.7,260
398,4987426002619,☆アセムヒＥＸ１５ｇ,,2,840,1260,1260,0.333333333,1386,1386
1430,4987426002589,ムヒの虫よけムシペールＰＳ３０　２００ｍｌ,,3,461,691.5,691,0.333333333,760.1,760
1429,4987426002572,ムヒの虫よけムシペールα３０　６０ｍｌ,,3,414,621,621,0.333333333,683.1,683
397,4987426002565,ムヒのキズパッド１０枚,,0,450,675,675,0.333333333,742.5,742
1428,4987426002510,イビキスト２５ｇ,,0,1050,1575,1575,0.333333333,1732.5,1732
1427,4987426002480,☆ムヒＡＺ錠　１２錠,,3,700,1050,1050,0.333333333,1155,1155
396,4987426002459,☆デリケアエムズ３５ｇ,,4,1082,1623,1623,0.333333333,1785.3,1785
395,4987426002435,☆ムヒアルファＳ２　１５ｇ,,2,396,594,594,0.333333333,653.4,653
394,4987426002329,☆ムヒのこども解熱鎮痛顆粒８包,,3,450,675,675,0.333333333,742.5,742
393,4987426002244,ヒビケアＦＴ軟膏２０ｇ,,4,1082,1623,1623,0.333333333,1785.3,1785
392,4987426002183,ヒビケア３５ｇ,,4,1420,2130,2130,0.333333333,2343,2343
391,4987426002138,☆ムヒアルファＥＸ１５ｇ,,2,811,1216.5,1216,0.333333333,1337.6,1337
1426,4987426002121,ムシペールパウダーインスプレー２００ｍｌ,,3,396,594,594,0.333333333,653.4,653
1425,4987426002114,ムシペールアルファ６０ｍｌ,,3,351,526.5,526,0.333333333,578.6,578
390,4987426002091,☆液体ムヒＳ２ａ５０ｍｌ,,2,351,526.5,526,0.333333333,578.6,578
1424,4987426002084,☆液体ムヒアルファＥＸ３５ｍｌ,,2,811,1216.5,1216,0.333333333,1337.6,1337
389,4987426002060,ヒビケア軟膏１５ｇ,,4,946,1419,1419,0.333333333,1560.9,1560
1423,4987426002039,☆ムヒソフトＧＸ乳状液１２０ｍｌ,,4,768,1152,1152,0.333333333,1267.2,1267
388,4987426002022,☆ムヒソフトＧＸ１５０ｇ,,4,870,1305,1305,0.333333333,1435.5,1435
1422,4987426002015,☆ムヒソフトＧＸ１００ｇ,,4,708,1062,1062,0.333333333,1168.2,1168
387,4987426002008,☆ムヒソフトＧＸ６０ｇ,,4,528,792,792,0.333333333,871.2,871
386,4987426001940,☆ムヒのこどもかぜ顆粒１２包,,2,480,720,720,0.333333333,792,792
385,4987426001827,☆デリケアエムズ１５ｇ,,4,642,963,963,0.333333333,1059.3,1059
1421,4987426001803,☆液体ムヒベビー４０ｍｌ,,4,529,793.5,793,0.333333333,872.3,872
1420,4987426001650,☆デリケアクリーム３５ｇ,,4,704,1056,1056,0.333333333,1161.6,1161
384,4987426001285,☆デリケアクリーム１５ｇ,,4,484,726,726,0.333333333,798.6,798
383,4987426001056,☆ムヒベビー１５ｇ,,4,448,672,672,0.333333333,739.2,739
1419,4987426000929,ムヒのきず液７５ｍＬ,,4,247,370.5,370,0.333333333,407,407
1418,4987423354681,明治きず薬　３０ｍｌ,,4,353,529.5,529,0.333333333,581.9,581
1412,4987416034514,☆防風通聖散料エキス錠６０００　３９６錠　ＪＶＦ,,3,2005,3007.5,3007,0.333333333,3307.7,3307
1411,4987403110139,虔修六神丸１１２粒,,3,3315,4972.5,4972,0.333333333,5469.2,5469
1410,4987403110122,虔修六神丸５６粒,,3,1820,2730,2730,0.333333333,3003,3003
1409,4987403110115,虔修六神丸２８粒,,0,1138,1707,1707,0.333333333,1877.7,1877
382,4987388034208,コトブキ浣腸パステル４０ｇ×２０個,,3,580,870,870,0.333333333,957,957
381,4987388015016,コトブキ浣腸パステル３０ｇ×２０個,,3,480,720,720,0.333333333,792,792
1408,4987373078538,☆オムニードＦＢ温プラスターアルファ１６枚,,3,315,472.5,472,0.333333333,519.2,519
1407,4987373074660,☆オムニードＦＢプラスターアルファ　１６枚,,3,315,472.5,472,0.333333333,519.2,519
1406,4987373068263,☆オムニードＩＤプラスター２４枚,,3,720,1080,1080,0.333333333,1188,1188
1405,4987365016012,新イボコロリ絆創膏Ｆサイズ　３枚　ＪＶＦ,,0,362,543,543,0.333333333,597.3,597
1404,4987365015015,新ウオノメコロリ絆創膏足指１２枚　ＪＶＦ,,0,406,609,609,0.333333333,669.9,669
1403,4987365012014,イボコロリ絆創膏　Ｌサイズ,,0,435,652.5,652,0.333333333,717.2,717
1402,4987365011017,イボコロリ絆創膏　Ｍサイズ,,0,435,652.5,652,0.333333333,717.2,717
1401,4987365010010,イボコロリ絆創膏　Ｓサイズ,,0,435,652.5,652,0.333333333,717.2,717
380,4987365002015,新イボコロリ液　１０ｍｌ　ＪＶＦ,,0,562,843,843,0.333333333,927.3,927
379,4987365001018,イボコロリ液　６ｍＬ,,0,575,862.5,862,0.333333333,948.2,948
1400,4987360035049,☆ケロリン６４包,,2,1313,1969.5,1969,0.333333333,2165.9,2165
1399,4987360035032,☆ケロリン２８包,,2,683,1024.5,1024,0.333333333,1126.4,1126
1398,4987360035025,☆ケロリン１２包,,2,368,552,552,0.333333333,607.2,607
1397,4987353240009,☆ユースキントーヒル　２０ｍｌ,,3,583,874.5,874,0.333333333,961.4,961
1396,4987353120004,ユースキンリリップキュア　８．５ｇ,,4,606,909,909,0.333333333,999.9,999
1395,4987353070606,☆ユースキンあせもパウダークリーム３２ｇ,,4,413,619.5,619,0.333333333,680.9,680
1394,4987353070002,☆ユースキンあせもクリーム３２ｇ,,4,413,619.5,619,0.333333333,680.9,680
1393,4987353050004,☆ユースキンラフレ２０ｇ,,4,413,619.5,619,0.333333333,680.9,680
1392,4987353041002,☆ユースキンＩ３８ｇ,,0,424,636,636,0.333333333,699.6,699
1391,4987353040708,☆ユースキンＩローション１３０ｍＬ,,4,742,1113,1113,0.333333333,1224.3,1224
1390,4987353040609,☆ユースキンＩ１１０ｇ,,4,742,1113,1113,0.333333333,1224.3,1224
1389,4987350889850,テルモマイウリエースＴ５０枚入,,0,910,1365,1365,0.333333333,1501.5,1501
1388,4987350610072,テルモマイウリエースＴ３０枚入,,3,665,997.5,997,0.333333333,1096.7,1096
1387,4987350243737,テルモ新ウリエースＢＴ５０枚,,3,1135,1702.5,1702,0.333333333,1872.2,1872
1386,4987350243713,テルモ新ウリエースＢＴ１０枚,,3,535,802.5,802,0.333333333,882.2,882
1385,4987350243478,テルモ新ウリエースＧＡ５０枚,,3,757,1135.5,1135,0.333333333,1248.5,1248
1384,4987350243454,テルモ新ウリエースＧＡ３０枚,,3,567,850.5,850,0.333333333,935,935
1383,4987301847335,小太郎生薬便秘薬Ｎｓ２４０錠,,2,1013,1519.5,1519,0.333333333,1670.9,1670
1382,4987301171508,辛夷清肺湯エキス細粒Ｇ　１８包　ＪＶＦ,,3,1089,1633.5,1633,0.333333333,1796.3,1796
1381,4987301157502,清上けん痛湯エキス細粒Ｇ　１８包　ＪＶＦ,,3,1296,1944,1944,0.333333333,2138.4,2138
1380,4987300054109,☆新フステノン４８錠,,2,468,702,702,0.333333333,772.2,772
1379,4987299225528,デイトナＳ　１２カプセル　ＪＶＦ,,2,350,525,525,0.333333333,577.5,577
1373,4987286415659,ハッカ油スプレー１０ｍｌ,,0,580,870,870,0.333333333,957,957
378,4987286415475,ベビーワセリンリップ１０ｇ,,0,165,247.5,247,0.333333333,271.7,271
377,4987246602358,☆新コンタック鼻炎Ｚ　３２錠,,3,2148,3222,3222,0.333333333,3544.2,3544
376,4987246602341,☆新コンタック鼻炎Ｚ　１６錠,,3,1188,1782,1782,0.333333333,1960.2,1960
1372,4987246602334,☆新コンタック総合かぜ薬トリプルショット　４８Ｐ,,2,1128,1692,1692,0.333333333,1861.2,1861
1371,4987246602327,☆新コンタック総合かぜ薬トリプルショット　３６Ｐ,,2,888,1332,1332,0.333333333,1465.2,1465
1370,4987246602266,☆新コンタックかぜＥＸ　２４Ｐ,,2,1232,1848,1848,0.333333333,2032.8,2032
375,4987246602259,☆新コンタックかぜＥＸ　１２Ｐ,,2,924,1386,1386,0.333333333,1524.6,1524
1368,4987246602129,☆新コンタックせき止めダブル持続性２４Ｐ,,3,1295,1942.5,1942,0.333333333,2136.2,2136
374,4987246602112,☆新コンタックせき止めダブル持続性１２Ｐ,,3,898,1347,1347,0.333333333,1481.7,1481
373,4987246602099,☆新コンタック６００プラス小児用１０カプセル,,2,540,810,810,0.333333333,891,891
372,4987246602082,☆新コンタック６００プラス４０カプセル,,2,1404,2106,2106,0.333333333,2316.6,2316
371,4987246602075,☆新コンタック６００プラス２０カプセル,,2,837,1255.5,1255,0.333333333,1380.5,1380
1367,4987246601351,☆新コンタックかぜ総合２４カプセル,,2,1188,1782,1782,0.333333333,1960.2,1960
1366,4987246601344,☆新コンタックかぜ総合１２カプセル,,2,891,1336.5,1336,0.333333333,1469.6,1469
1365,4987245542808,カルスムース２４０錠,,3,2470,3705,3705,0.333333333,4075.5,4075
1364,4987245541405,カルスムース　１２０錠,,3,1430,2145,2145,0.333333333,2359.5,2359
1363,4987245502802,ワダカルシュームエース２８０錠,,3,2470,3705,3705,0.333333333,4075.5,4075
1362,4987245501409,ワダカルシュームエース１４０錠,,3,1430,2145,2145,0.333333333,2359.5,2359
1361,4987245118027,ワダカルシューム１８００錠,,4,3540,5310,5310,0.333333333,5841,5841
1360,4987245109025,ワダカルシューム９００錠,,4,1920,2880,2880,0.333333333,3168,3168
369,4987243150807,アバンビーズストロングミント８０ｇ,,0,550,825,825,0.333333333,907.5,907
368,4987243150456,アバンビーズレギュラーミント８０ｇ,,0,550,825,825,0.333333333,907.5,907
367,4987243140624,コーラルベータイプシロン８０ｇ１本,,0,550,825,825,0.333333333,907.5,907
1359,4987243124105,わかもと整腸薬２４０錠（部外品）,,0,1350,2025,2025,0.333333333,2227.5,2227
1358,4987243114502,顆粒わかもと２４包,,0,665,997.5,997,0.333333333,1096.7,1096
1357,4987243114335,強力わかもと１０８錠（部外品）,,0,340,510,510,0.333333333,561,561
1356,4987243114014,強力わかもと１０００錠（部外品）,,0,1680,2520,2520,0.333333333,2772,2772
1355,4987241303687,スラーリア便秘薬速崩錠３０錠,,4,618,927,927,0.333333333,1019.7,1019
1354,4987241200979,ドゥーテストｈＣＧ２回用,,3,600,900,900,0.333333333,990,990
366,4987241169979,和漢箋リハビット６４Ｔ,,3,1170,1755,1755,0.333333333,1930.5,1930
365,4987241169757,☆メディクイックＥ３０ＭＬ,,2,840,1260,1260,0.333333333,1386,1386
364,4987241169696,メラノＣＣ　薬用しみ対策保湿クリーム　２３ｇ,,0,770,1155,1155,0.333333333,1270.5,1270
363,4987241169658,メラノＣＣ　薬用しみ集中対策美容液　２０ｍＬ,,0,770,1155,1155,0.333333333,1270.5,1270
362,4987241168583,メラノＣＣ薬用しみ集中対策プレミアム美容液２０ｍ,,0,1036,1554,1554,0.333333333,1709.4,1709
1353,4987241168163,☆アルガードゼロダイレクト３０Ｔ,,3,1170,1755,1755,0.333333333,1930.5,1930
361,4987241166862,☆エクシブＥＸスプレー　６０Ｇ,,2,1200,1800,1800,0.333333333,1980,1980
1352,4987241166855,☆エクシブＥＸ液　１４ＭＬ,,2,960,1440,1440,0.333333333,1584,1584
360,4987241166848,☆エクシブＥＸクリーム　１５Ｇ,,2,960,1440,1440,0.333333333,1584,1584
1351,4987241166497,トーンマイリップイエローＰＫ　２．４ｇ,,0,315,472.5,472,0.333333333,519.2,519
1350,4987241166480,トーンマイリップブロッサムＰＫ　２．４ｇ,,0,315,472.5,472,0.333333333,519.2,519
1349,4987241166473,トーンマイリップブライトＵレッド　２．４ｇ,,0,315,472.5,472,0.333333333,519.2,519
359,4987241165797,パンシロンアクティブ５５　３４包,,4,1170,1755,1755,0.333333333,1930.5,1930
358,4987241165780,パンシロンアクティブ５５ＳＴ　１４包,,4,585,877.5,877,0.333333333,964.7,964
357,4987241165773,パンシロンアクティブ５５　１４包,,4,585,877.5,877,0.333333333,964.7,964
356,4987241163656,メンソレータムリップフォンデュ　イルミナゴールド,,0,400,600,600,0.333333333,660,660
355,4987241162338,デオコ薬用デオドラントスティック１３ｇ,,0,585,877.5,877,0.333333333,964.7,964
354,4987241162321,デオコ薬用デオドラントロールオン３０ｍｌ,,0,585,877.5,877,0.333333333,964.7,964
353,4987241159796,和漢箋ルナフェミン１６８錠,,3,2520,3780,3780,0.333333333,4158,4158
1346,4987241159178,和漢箋ツラレスＳＰゼリー４包,,3,648,972,972,0.333333333,1069.2,1069
352,4987241159154,☆新・ロート防風通聖散錠ＺⅡ２１０錠,,3,2520,3780,3780,0.333333333,4158,4158
351,4987241159147,☆新・ロート防風通聖散錠ＺⅡ　５０錠,,3,660,990,990,0.333333333,1089,1089
350,4987241156849,☆アルガード鼻炎内服薬ゴールドＺ２０Ｐ,,2,1247,1870.5,1870,0.333333333,2057,2057
349,4987241156757,☆アルガード鼻炎内服薬ゴールドＺ１０Ｐ,,2,806,1209,1209,0.333333333,1329.9,1329
348,4987241156337,メルティクリームリップ無香料２．４ｇ,,0,315,472.5,472,0.333333333,519.2,519
1345,4987241151851,☆パンシロンソフトベール１０カプセル,,3,685,1027.5,1027,0.333333333,1129.7,1129
1344,4987241151769,ロート和漢箋キオグッド顆粒３０包,,4,1296,1944,1944,0.333333333,2138.4,2138
347,4987241149889,☆和漢箋新ロート防風通聖散錠満量３６０錠,,3,4080,6120,6120,0.333333333,6732,6732
346,4987241149872,☆和漢箋新ロート防風通聖散錠満量６０錠,,3,780,1170,1170,0.333333333,1287,1287
345,4987241149742,和漢箋ラクリア１６８錠,,3,2016,3024,3024,0.333333333,3326.4,3326
1343,4987241149735,☆和漢箋ガチラック１６８錠,,3,2016,3024,3024,0.333333333,3326.4,3326
344,4987241149728,和漢箋ユクリズム１６８錠,,3,2520,3780,3780,0.333333333,4158,4158
343,4987241149711,和漢箋ユクリズム３６錠,,3,648,972,972,0.333333333,1069.2,1069
1342,4987241149483,ハンドベールプレミアムリッチネイル大容量２４ｇ,,0,1050,1575,1575,0.333333333,1732.5,1732
342,4987241148851,アクネス２５メディカルミストＢ１００ＭＬ,,3,720,1080,1080,0.333333333,1188,1188
341,4987241148820,☆アクネス２５メディカルクリームＣ１６Ｇ,,3,720,1080,1080,0.333333333,1188,1188
340,4987241148639,和漢箋ツラレス４８錠,,3,648,972,972,0.333333333,1069.2,1069
339,4987241148622,ザラプロＡ３５ｇ,,4,720,1080,1080,0.333333333,1188,1188
338,4987241148592,アトキュア２０Ｇ,,3,819,1228.5,1228,0.333333333,1350.8,1350
337,4987241148400,☆メディクイックＨゴールドスポンジヘッド５０ｍｌ,,2,1040,1560,1560,0.333333333,1716,1716
335,4987241147410,☆ケアセモクリーム３５ｇ,,4,588,882,882,0.333333333,970.2,970
332,4987241146369,☆カブレーナ　１５ｇ,,3,780,1170,1170,0.333333333,1287,1287
331,4987241146352,☆メディクイックＨゴールド３０ｍｌ,,2,840,1260,1260,0.333333333,1386,1386
1341,4987241145379,☆新ロート防風通聖散錠満量２６４錠,,3,3180,4770,4770,0.333333333,5247,5247
330,4987241145072,☆アルガードクイックチュアブル１５錠,,3,780,1170,1170,0.333333333,1287,1287
329,4987241143733,ハンドベールプレミアムリッチネイル１２ｇ,,0,630,945,945,0.333333333,1039.5,1039
328,4987241143672,リップフォンデュ　オーロラ３Ｄパール４．２ｇ,,0,400,600,600,0.333333333,660,660
327,4987241143610,リップベビーフルーツ　グレープ＆ベリー　４．５ｇ,,0,177,265.5,265,0.333333333,291.5,291
326,4987241143597,リップベビーフルーツ　ホワイトピーチ　４．５ｇ,,0,177,265.5,265,0.333333333,291.5,291
325,4987241143580,リップベビーフルーツ　ストロベリー　４．５ｇ,,0,177,265.5,265,0.333333333,291.5,291
324,4987241142590,☆エクシブＷきわケアジェル１５ｇ,,2,960,1440,1440,0.333333333,1584,1584
323,4987241141623,☆エクシブＷディープ１０クリーム　３５ｇ,,2,1200,1800,1800,0.333333333,1980,1980
1340,4987241141548,☆新ロート防風通聖散錠Ｔ２２４錠,,3,2570,3855,3855,0.333333333,4240.5,4240
322,4987241141531,☆新ロート防風通聖散錠Ｔ１１２錠,,3,1346,2019,2019,0.333333333,2220.9,2220
321,4987241140473,メンソレータムヒビプロα１６ｇ,,4,600,900,900,0.333333333,990,990
320,4987241140428,ロートＶ５　３０粒,,0,1080,1620,1620,0.333333333,1782,1782
319,4987241139460,☆パンシロンキュアＳＰ　３０包,,3,1260,1890,1890,0.333333333,2079,2079
318,4987241139217,☆メンソレータムジンマート１５ｇ,,3,715,1072.5,1072,0.333333333,1179.2,1179
317,4987241139200,ヘパソフトプラスジャー８５ｇ,,3,1008,1512,1512,0.333333333,1663.2,1663
316,4987241139194,ヘパソフトプラスチューブ５０ｇ,,3,693,1039.5,1039,0.333333333,1142.9,1142
315,4987241138982,☆パンシロンキュアＳＰ錠３０錠,,3,630,945,945,0.333333333,1039.5,1039
1339,4987241138760,ケアセラベビー泡の高保湿ＢＷ詰替用３５０ｍｌ,,0,419,628.5,628,0.333333333,690.8,690
1338,4987241138753,ケアセラベビー泡の高保湿ボディウォッシュ４５０ｍ,,0,589,883.5,883,0.333333333,971.3,971
314,4987241137879,メディクイックＨ頭皮のメディカルＳＰ替え２８０ｍ,,0,951,1426.5,1426,0.333333333,1568.6,1568
313,4987241137510,☆和漢箋ガチラック３６錠,,3,648,972,972,0.333333333,1069.2,1069
1337,4987241137503,和漢箋ラクリア３６錠,,3,648,972,972,0.333333333,1069.2,1069
312,4987241137497,和漢箋ロートトイリズム８０錠,,3,1800,2700,2700,0.333333333,2970,2970
1336,4987241135653,新ロートリセ８ｍｌ,,3,441,661.5,661,0.333333333,727.1,727
311,4987241135646,新ロートリセコンタクト８ｍｌ,,4,441,661.5,661,0.333333333,727.1,727
1335,4987241135189,デ・オウリフレッシュシート４２枚,,0,252,378,378,0.333333333,415.8,415
1334,4987241135127,５０の恵髪ふんわりボリューム育毛剤詰替１５０ｍｌ,,0,2157,3235.5,3235,0.333333333,3558.5,3558
1333,4987241135110,５０の恵髪ふんわりボリューム育毛剤１６０ｍｌ,,0,2736,4104,4104,0.333333333,4514.4,4514
310,4987241134434,☆新ロート小青竜湯２　８０錠,,3,1368,2052,2052,0.333333333,2257.2,2257
309,4987241134151,メンソレータムヒビプロ液体バンソウ膏１０ｇ,,0,510,765,765,0.333333333,841.5,841
308,4987241134144,リップフォンデュ無香料４．２ｇ,,0,400,600,600,0.333333333,660,660
307,4987241133604,新ロートドライエイドＥＸ１０ｍｌ,,4,756,1134,1134,0.333333333,1247.4,1247
1332,4987241133536,ハンドベール手荒れキメ整うクリーム７０ｇ,,0,410,615,615,0.333333333,676.5,676
1331,4987241133192,５０の恵コラーゲン養潤クリーム９０ｇ,,0,917,1375.5,1375,0.333333333,1512.5,1512
306,4987241132836,リップフォンデュスカーレットピンク４．２ｇ,,0,400,600,600,0.333333333,660,660
305,4987241132829,リップフォンデュコーラルピンク４．２ｇ,,0,400,600,600,0.333333333,660,660
304,4987241129225,☆ロートアルガードＳＴ鼻炎スプレー１５ｍｌ,,3,672,1008,1008,0.333333333,1108.8,1108
303,4987241126873,☆メンソレータムメディクイックＨ３０ｍｌ,,2,1080,1620,1620,0.333333333,1782,1782
1330,4987241125326,☆メンソレータムメディクイッククリームＲ８ｇ,,2,1008,1512,1512,0.333333333,1663.2,1663
1329,4987241125319,☆メンソレータムメディクイック軟膏Ｒ８ｇ,,2,1008,1512,1512,0.333333333,1663.2,1663
302,4987241125111,アクネス薬用ＵＶティントミルク３０ｇ,,0,528,792,792,0.333333333,871.2,871
301,4987241124367,メンソレータムヒビプロＬＰ６ｇ,,4,600,900,900,0.333333333,990,990
1328,4987241124343,メンソレータムＡＤ乳液１２０ｇ,,3,812,1218,1218,0.333333333,1339.8,1339
1327,4987241124336,☆メンソレータムＡＤクリームｍ１４５ｇジャー,,3,812,1218,1218,0.333333333,1339.8,1339
1326,4987241124329,☆メンソレータムＡＤクリームｍ９０ｇジャー,,3,661,991.5,991,0.333333333,1090.1,1090
1325,4987241124312,☆メンソレータムＡＤクリームｍ５０ｇジャー,,3,437,655.5,655,0.333333333,720.5,720
1324,4987241124305,☆メンソレータムＡＤクリームｍ５０ｇチュ－ブ,,3,437,655.5,655,0.333333333,720.5,720
300,4987241123421,☆フレディメディカルジェル２２ｇ,,3,528,792,792,0.333333333,871.2,871
299,4987241123414,☆フレディメディカルクリーム２２ｇ,,3,528,792,792,0.333333333,871.2,871
1323,4987241121816,パンシロン０１　４５錠,,3,420,630,630,0.333333333,693,693
298,4987241118984,リシーナ軟膏Ａ１５ｇ,,2,693,1039.5,1039,0.333333333,1142.9,1142
297,4987241118977,リシーナ座薬Ａ１．０ＧＸ１０Ｐ,,2,756,1134,1134,0.333333333,1247.4,1247
296,4987241118960,リシーナ注入軟膏１５ｇ×８個,,2,819,1228.5,1228,0.333333333,1350.8,1350
295,4987241109951,メディカルリップｎｃ８．５ｇ,,4,529,793.5,793,0.333333333,872.3,872
1322,4987241109128,メンソレータムＡＤ２０クリーム７０ｇ,,4,720,1080,1080,0.333333333,1188,1188
294,4987241108817,アクネスニキビ治療薬１８ｇ,,3,660,990,990,0.333333333,1089,1089
1320,4987241108145,メンソレータムメディカルリップ８．５ｇ,,4,529,793.5,793,0.333333333,872.3,872
293,4987241108039,メンソレータム薬用リップジェリー８ｇ,,0,249,373.5,373,0.333333333,410.3,410
292,4987241104260,メンソレータム１２ｇ,,4,207,310.5,310,0.333333333,341,341
291,4987241104253,メンソレータム３５ｇ,,4,375,562.5,562,0.333333333,618.2,618
1319,4987241104246,メンソレータム７５ｇ,,4,504,756,756,0.333333333,831.6,831
290,4987241103737,パンシロン０１プラス１４包,,3,406,609,609,0.333333333,669.9,669
289,4987241103720,パンシロン０１プラス４８包,,3,986,1479,1479,0.333333333,1626.9,1626
1318,4987241103690,パンシロンＡＺ３６包,,3,962,1443,1443,0.333333333,1587.3,1587
288,4987241103683,パンシロンＡＺ２０包,,3,605,907.5,907,0.333333333,997.7,997
1317,4987241103577,パンシロントラベルチュアブル１２錠,,3,390,585,585,0.333333333,643.5,643
287,4987241103379,パンシロンクールＮＯＷ１８錠,,3,502,753,753,0.333333333,828.3,828
1316,4987241103089,シロンＳ５０包,,3,544,816,816,0.333333333,897.6,897
286,4987241102686,パンシロンＧ４８包,,3,770,1155,1155,0.333333333,1270.5,1270
1315,4987241102679,パンシロンＧ２０包,,3,385,577.5,577,0.333333333,634.7,634
285,4987241102129,パンシロン０１プラス２８包,,3,696,1044,1044,0.333333333,1148.4,1148
1314,4987241101580,ロート抗菌目薬ＥＸ１０ｍｌ,,3,441,661.5,661,0.333333333,727.1,727
284,4987241100200,☆アルガード鼻炎クールスプレー１５ＭＬ,,3,391,586.5,586,0.333333333,644.6,644
1308,4987240261148,龍角散胃健錠２２０錠,,3,840,1260,1260,0.333333333,1386,1386
1307,4987240252139,☆龍角散せきどめ錠３６Ｔ,,2,513,769.5,769,0.333333333,845.9,845
1306,4987240211907,龍角散ダイレクトトローチマンゴーＲ２０錠,,4,425,637.5,637,0.333333333,700.7,700
283,4987240210733,龍角散ダイレクトスティックピーチ１６包,,4,441,661.5,661,0.333333333,727.1,727
282,4987240210535,龍角散ダイレクトスティックミント１６包,,4,441,661.5,661,0.333333333,727.1,727
281,4987236000072,薬用養命酒７００ｍｌ,,3,1240,1860,1860,0.333333333,2046,2046
280,4987236000065,薬用養命酒１Ｌ,,3,1760,2640,2640,0.333333333,2904,2904
1305,4987235021863,☆パスタイムＡ４０Ｐ,,4,564,846,846,0.333333333,930.6,930
1304,4987227031580,ヘルスエイドビフィーナＲ２０包,,0,975,1462.5,1462,0.333333333,1608.2,1608
1303,4987227030163,メディケアデンタルクリームＴ４ｇ,,3,559,838.5,838,0.333333333,921.8,921
279,4987227029020,デンタルクリーム５ｇ,,3,637,955.5,955,0.333333333,1050.5,1050
1301,4987227029013,クールスロート６ｍｌ,,4,445,667.5,667,0.333333333,733.7,733
1300,4987227028368,オノフェＦ７ｇ,,3,554,831,831,0.333333333,914.1,914
1298,4987206622280,☆浅田飴こども鼻炎Ｓ（サイダー味）　３０錠,,3,360,540,540,0.333333333,594,594
1296,4987206394378,☆浅田飴子供せき止めドロップいちご３０錠,,2,360,540,540,0.333333333,594,594
1295,4987206394361,☆浅田飴子供せき止めドロップぶどう３０錠,,2,360,540,540,0.333333333,594,594
1294,4987206394316,トラベロップＱＱぶどう味　８錠,,3,278,417,417,0.333333333,458.7,458
1293,4987206394309,トラベロップＱＱサイダー味　８錠,,3,278,417,417,0.333333333,458.7,458
1292,4987206035783,☆浅田飴せきどめドロップサイダー２４錠,,2,245,367.5,367,0.333333333,403.7,403
1291,4987206035776,☆浅田飴せきどめドロップオレンジ２４錠,,2,245,367.5,367,0.333333333,403.7,403
1290,4987206035769,☆浅田飴せきどめドロップ青リンゴ２４錠,,2,245,367.5,367,0.333333333,403.7,403
1289,4987206035752,☆浅田飴せきどめドロップレモン２４錠,,2,245,367.5,367,0.333333333,403.7,403
1288,4987206035172,☆浅田飴去痰ＣＢ錠３０錠,,3,570,855,855,0.333333333,940.5,940
1286,4987206033710,☆浅田飴せきどめクールレモン３６錠,,2,408,612,612,0.333333333,673.2,673
1285,4987206010445,☆浅田飴せきどめドロップ３６錠,,2,392,588,588,0.333333333,646.8,646
1282,4987195595862,☆プレコールエース顆粒１６包,,2,760,1140,1140,0.333333333,1254,1254
1281,4987195595855,☆プレコールエース顆粒１２包,,2,600,900,900,0.333333333,990,990
1280,4987195585726,新フジサワ胃腸薬クール３０包,,3,720,1080,1080,0.333333333,1188,1188
1278,4987195567296,ピロエースＷパウダースプレー７０ｇ,,3,800,1200,1200,0.333333333,1320,1320
1277,4987195567265,ピロエースＷ軟膏１５ｇ,,3,792,1188,1188,0.333333333,1306.8,1306
1276,4987195430965,新タントーゼＡ３０錠,,3,405,607.5,607,0.333333333,667.7,667
1275,4987195352274,☆サリドンＡ２０錠,,2,560,840,840,0.333333333,924,924
1274,4987195352250,☆サリドンＡ１０錠,,2,312,468,468,0.333333333,514.8,514
278,4987195292945,キシロＡ１０ｇ,,3,284,426,426,0.333333333,468.6,468
1272,4987195255353,☆エバユースにきび薬２０ｇ,,3,540,810,810,0.333333333,891,891
1271,4987195255346,☆エバユーススリムＦ３６０錠,,3,2160,3240,3240,0.333333333,3564,3564
1270,4987188188286,☆ブテナロックＶα液１８ｍｌ,,2,1584,2376,2376,0.333333333,2613.6,2613
1269,4987188188279,☆ブテナロックＶαクリーム１８ｇ,,2,1584,2376,2376,0.333333333,2613.6,2613
1268,4987188188224,☆ブテナロックＶα爽快パウダー７０ｍｌ,,2,1320,1980,1980,0.333333333,2178,2178
1267,4987188188217,☆ブテナロックＶαエアー５０ｍｌ,,2,1560,2340,2340,0.333333333,2574,2574
1266,4987188188200,☆ブテナロックＶαスプレー２０ｍｌ,,2,1560,2340,2340,0.333333333,2574,2574
1265,4987188188170,ブテナロック足洗いソープ８０ｇ,,0,420,630,630,0.333333333,693,693
277,4987188175323,☆コレストン４２ＣＰ,,4,903,1354.5,1354,0.333333333,1489.4,1489
1264,4987188175309,☆コレストン８４カプセル,,4,1960,2940,2940,0.333333333,3234,3234
1263,4987188175163,快腹丸１２００粒,,2,945,1417.5,1417,0.333333333,1558.7,1558
1262,4987188175156,快腹丸６６０粒,,2,585,877.5,877,0.333333333,964.7,964
1261,4987188171035,☆ら・サロンパス３２枚,,4,718,1077,1077,0.333333333,1184.7,1184
276,4987188166055,☆アレグラＦＸジュニア１６錠,,3,826,1239,1239,0.333333333,1362.9,1362
1260,4987188166048,☆アレグラＦＸ２８錠,,3,1320,1980,1980,0.333333333,2178,2178
275,4987188165157,☆エアーサロンパスＺ１２０ｍｌ,,3,1316,1974,1974,0.333333333,2171.4,2171
1259,4987188156025,こどもクールスカイしんかんせん２０ｍｌ×２,,3,240,360,360,0.333333333,396,396
1258,4987188155059,☆サロンパスローション８５ｍｌ,,4,450,675,675,0.333333333,742.5,742
1257,4987188151426,☆のびのびサロンシップフィット　１０枚,,4,350,525,525,0.333333333,577.5,577
1256,4987188151402,☆のびのびサロンシップフィット４０枚,,4,1250,1875,1875,0.333333333,2062.5,2062
1255,4987188151389,☆のびのびサロンシップＦαハーフ１２枚,,4,585,877.5,877,0.333333333,964.7,964
1254,4987188151372,☆のびのびサロンシップフィットα１６枚,,4,675,1012.5,1012,0.333333333,1113.2,1113
1253,4987188151365,☆のびのびサロンシップフィット温感ハーフ１２枚,,4,585,877.5,877,0.333333333,964.7,964
1252,4987188151358,☆のびのびサロンシップフィット温感１６枚,,4,675,1012.5,1012,0.333333333,1113.2,1113
1251,4987188150894,☆サロンシップインドメタシンＥＸ１２枚,,3,800,1200,1200,0.333333333,1320,1320
1250,4987188124475,☆フェイタス５．０大判　２０Ｈ,,3,1560,2340,2340,0.333333333,2574,2574
1249,4987188124468,☆フェイタス５．０大判　１０Ｈ,,3,878,1317,1317,0.333333333,1448.7,1448
1248,4987188124451,☆フェイタス５．０温感２０Ｈ,,3,1040,1560,1560,0.333333333,1716,1716
1247,4987188124444,☆フェイタス５．０温感１０Ｈ,,3,585,877.5,877,0.333333333,964.7,964
1246,4987188124437,☆フェイタス５．０　５０Ｈ,,3,1950,2925,2925,0.333333333,3217.5,3217
1245,4987188124413,☆フェイタス５．０　２０Ｈ,,3,1040,1560,1560,0.333333333,1716,1716
1244,4987188124406,☆フェイタス５．０　１０Ｈ,,3,585,877.5,877,0.333333333,964.7,964
1243,4987188123881,☆フェイタスＺαジクサス温感大判７枚,,3,1073,1609.5,1609,0.333333333,1769.9,1769
1242,4987188123867,☆フェイタスＺαジクサス温感１４枚,,3,1105,1657.5,1657,0.333333333,1822.7,1822
1241,4987188123850,☆フェイタスＺαジクサス温感７枚,,3,650,975,975,0.333333333,1072.5,1072
1240,4987188123843,☆フェイタスＺジクサスシップ６枚,,3,660,990,990,0.333333333,1089,1089
1239,4987188123836,☆フェイタスＺαジクサス大判　７枚,,3,1073,1609.5,1609,0.333333333,1769.9,1769
1238,4987188123829,☆フェイタスＺαジクサス　２１枚,,3,1560,2340,2340,0.333333333,2574,2574
1237,4987188123812,☆フェイタスＺαジクサス　１４枚,,3,1105,1657.5,1657,0.333333333,1822.7,1822
1236,4987188123805,☆フェイタスＺαジクサス　７枚,,3,650,975,975,0.333333333,1072.5,1072
1235,4987188123652,☆フェイタスＺクリーム３０ｇ,,3,771,1156.5,1156,0.333333333,1271.6,1271
1234,4987188123645,☆フェイタスＺアルファローション５０ｍｌ,,3,978,1467,1467,0.333333333,1613.7,1613
1233,4987188123171,☆フェイタスチック５３ｇ,,3,1138,1707,1707,0.333333333,1877.7,1877
1232,4987188123164,☆フェイタスゲル５０ｇ,,3,975,1462.5,1462,0.333333333,1608.2,1608
1231,4987188123072,☆フェイタスクリーム５０ｇ,,3,1138,1707,1707,0.333333333,1877.7,1877
1230,4987188123065,☆フェイタスローション５０ｍｌ,,3,975,1462.5,1462,0.333333333,1608.2,1608
1229,4987188122044,☆サロンパス３０　６０枚,,4,897,1345.5,1345,0.333333333,1479.5,1479
1228,4987188122037,☆サロンパス３０ホット２０枚,,4,442,663,663,0.333333333,729.3,729
1227,4987188121054,☆穴あきサロンパスＡｅ８０枚,,4,768,1152,1152,0.333333333,1267.2,1267
1226,4987174732011,マスチゲン錠　１２０錠,,0,3276,4914,4914,0.333333333,5405.4,5405
1225,4987174729011,☆漢方ラックル顆粒１４包,,3,1596,2394,2394,0.333333333,2633.4,2633
1224,4987174728014,マスチゲン錠８～１４歳６０錠,,3,980,1470,1470,0.333333333,1617,1617
1223,4987174727017,マスチゲン錠　６０錠,,3,1820,2730,2730,0.333333333,3003,3003
1222,4987174725013,マスチゲン錠　１４錠,,3,560,840,840,0.333333333,924,924
1221,4987174723019,ルナール２０錠,,2,560,840,840,0.333333333,924,924
1219,4987174718015,☆肩用ラックル顆粒１４包,,3,1036,1554,1554,0.333333333,1709.4,1709
1218,4987174717117,ラックル１２錠,,3,665,997.5,997,0.333333333,1096.7,1096
1216,4987171420669,Ｎモイスポリアホワイト７５Ｇ,,0,600,900,900,0.333333333,990,990
1212,4987167092078,☆ロイヒ膏フェルビコンパクト　２４枚,,3,780,1170,1170,0.333333333,1287,1287
1211,4987167090265,☆ロイヒクリームフェルビ　８０ｇ,,3,1476,2214,2214,0.333333333,2435.4,2435
1210,4987167076634,ニチバンスピールジェルＳＰＧ３ｇ,,3,550,825,825,0.333333333,907.5,907
274,4987167072360,ケアリーヴ治す力ジャンボ４枚入,,0,435,652.5,652,0.333333333,717.2,717
1208,4987167070359,☆ロイヒつぼ膏クール１５６枚,,4,570,855,855,0.333333333,940.5,940
1207,4987167060732,ケアリーヴパワー＆フィットＬ１２枚　ＣＬＰ１２Ｌ,,0,231,346.5,346,0.333333333,380.6,380
273,4987167059101,☆ロイヒつぼ膏大判７８枚,,4,540,810,810,0.333333333,891,891
1206,4987167058425,スピール膏ワンタッチＥＸ指・足裏用Ｌ１２枚,,3,475,712.5,712,0.333333333,783.2,783
1205,4987167057183,ケアリーヴハローキティー１６枚,,0,198,297,297,0.333333333,326.7,326
1204,4987167052621,ケアリーヴフリーサイズ２枚　ＣＬ２Ｆ,,0,260,390,390,0.333333333,429,429
1203,4987167051358,スピール膏ワンタッチＥＸ指・足裏用Ｍ１２枚,,3,475,712.5,712,0.333333333,783.2,783
1202,4987167051341,スピール膏足うら用Ｍ１２枚,,3,475,712.5,712,0.333333333,783.2,783
272,4987167051334,スピール膏足うら用Ｌ１２枚,,3,475,712.5,712,0.333333333,783.2,783
271,4987167035464,ケアリーヴＭサイズ１００枚　ＣＬ１００Ｍ,,0,812,1218,1218,0.333333333,1339.8,1339
1201,4987167035457,ケアリーヴＭサイズ２０枚　ＣＬ２０Ｍ,,0,195,292.5,292,0.333333333,321.2,321
270,4987167035440,ケアリーヴＭサイズ１０枚　ＣＬ１０Ｍ,,0,120,180,180,0.333333333,198,198
269,4987167031268,ケアリーヴスリーサイズＣＬ３６－３,,0,314,471,471,0.333333333,518.1,518
268,4987167031251,ケアリーヴＬサイズ１６枚　ＣＬ１６Ｌ,,0,206,309,309,0.333333333,339.9,339
267,4987167031237,ケアリーヴＭサイズ５０枚　ＣＬ５０Ｍ,,0,422,633,633,0.333333333,696.3,696
1200,4987167028985,スピール膏ＥＸ５０ＳＰ－Ｋ,,3,475,712.5,712,0.333333333,783.2,783
1199,4987167028978,スピール膏フリーサイズＳＰ－Ｆ,,3,475,712.5,712,0.333333333,783.2,783
1198,4987167007263,☆ロイヒつぼ膏１５６枚,,4,540,810,810,0.333333333,891,891
1197,4987156630236,ニプレス５セット,,0,248,372,372,0.333333333,409.2,409
1196,4987145200228,エキシウクリーム特選３０ｇ,,0,1044,1566,1566,0.333333333,1722.6,1722
266,4987138481269,☆ツムラ麻黄湯８包,,3,350,525,525,0.333333333,577.5,577
265,4987138481245,☆ツムラ小青竜湯８包,,3,525,787.5,787,0.333333333,865.7,865
1194,4987133012215,こどもハミガキ上手　大容量　１８０ｍｌ,,0,491,736.5,736,0.333333333,809.6,809
1193,4987133005613,チビシーモ１６ｇ,,3,440,660,660,0.333333333,726,726
1192,4987133003107,アスターＧ軟膏１６ｇ,,3,990,1485,1485,0.333333333,1633.5,1633
1191,4987133003077,アスター軟膏２５ｇ,,3,990,1485,1485,0.333333333,1633.5,1633
1190,4987133003060,アスター軟膏１６ｇ,,3,660,990,990,0.333333333,1089,1089
1189,4987133002025,今治水４ｃｃ,,3,435,652.5,652,0.333333333,717.2,717
1188,4987133001097,健のう丸１２００粒,,2,2304,3456,3456,0.333333333,3801.6,3801
1187,4987128304158,タナベ胃腸薬ウルソ６０錠,,4,1855,2782.5,2782,0.333333333,3060.2,3060
1186,4987128289721,☆セレキノンＳ２０錠,,3,1246,1869,1869,0.333333333,2055.9,2055
1185,4987128276394,☆タナベ胃腸薬調律　３０錠,,3,686,1029,1029,0.333333333,1131.9,1131
1184,4987128264605,タナベ胃腸薬ウルソ２０錠,,4,686,1029,1029,0.333333333,1131.9,1131
1183,4987128261710,コートＦＭＤ軟膏１０ｇ,,2,768,1152,1152,0.333333333,1267.2,1267
1182,4987128247837,☆タナベ胃腸薬調律　６０錠,,3,1176,1764,1764,0.333333333,1940.4,1940
1181,4987128225613,レグケア４５ｇ,,4,768,1152,1152,0.333333333,1267.2,1267
1180,4987128205806,コートＦＭＤ軟膏５ｇ,,2,420,630,630,0.333333333,693,693
1179,4987128178063,☆コートｆ　ＡＴクリーム１０ｇ,,2,768,1152,1152,0.333333333,1267.2,1267
1178,4987123703789,ハイテスターＮ２回用,,3,781,1171.5,1171,0.333333333,1288.1,1288
1177,4987123703772,ハイテスターＮ１回用,,3,520,780,780,0.333333333,858,858
1176,4987123702119,ルビーナめぐり６０錠,,3,1040,1560,1560,0.333333333,1716,1716
1175,4987123701976,ハーブインタケダ７２錠,,3,1300,1950,1950,0.333333333,2145,2145
1174,4987123701969,ハーブインタケダ２４錠,,3,539,808.5,808,0.333333333,888.8,888
1173,4987123701914,新カルシチュウＤ３　５０錠,,3,1100,1650,1650,0.333333333,1815,1815
1172,4987123701907,新カルシチュウＤ３　１００錠,,3,1900,2850,2850,0.333333333,3135,3135
264,4987123701594,☆アネトンアルメディ鼻炎錠９０錠,,2,1000,1500,1500,0.333333333,1650,1650
263,4987123701358,☆アリナミンＥＸゴールド９０錠,,4,3500,5250,5250,0.333333333,5775,5775
1171,4987123701341,☆アリナミンＥＸゴールド４５錠,,4,2100,3150,3150,0.333333333,3465,3465
1168,4987123700429,ストレージタイプＧ１２Ｈ,,3,1074,1611,1611,0.333333333,1772.1,1772
1167,4987123700412,ストレージタイプＧ６Ｈ,,3,666,999,999,0.333333333,1098.9,1098
1166,4987123700405,ストレージタイプＩ１２Ｈ,,3,1074,1611,1611,0.333333333,1772.1,1772
1165,4987123700399,ストレージタイプＩ６Ｈ,,3,666,999,999,0.333333333,1098.9,1098
1164,4987123700382,ストレージタイプＨ１２包,,3,1074,1611,1611,0.333333333,1772.1,1772
1163,4987123700375,ストレージタイプＨ６Ｈ,,3,666,999,999,0.333333333,1098.9,1098
1162,4987123146890,ルビーナ１８０錠,,3,2002,3003,3003,0.333333333,3303.3,3303
1161,4987123146692,アリナミンＥＸプラス１２０錠,,4,2856,4284,4284,0.333333333,4712.4,4712
1160,4987123146289,アリナミンＡ１２０錠,,4,1953,2929.5,2929,0.333333333,3221.9,3221
1159,4987123146197,☆ベンザ鼻炎薬α２４錠,,2,1373,2059.5,2059,0.333333333,2264.9,2264
1158,4987123145749,☆ベンザブロックＩＰカプレット３０錠,,2,1499,2248.5,2248,0.333333333,2472.8,2472
1157,4987123145732,☆ベンザブロックＩＰカプレット１８錠,,2,1039,1558.5,1558,0.333333333,1713.8,1713
262,4987123145428,アリナミンＥＸプラス２７０錠,,4,5586,8379,8379,0.333333333,9216.9,9216
1156,4987123145411,アリナミンＥＸプラス１８０錠,,4,4186,6279,6279,0.333333333,6906.9,6906
1155,4987123145404,アリナミンＥＸプラス６０錠,,4,1526,2289,2289,0.333333333,2517.9,2517
1154,4987123145398,アリナミンＡ２７０錠,,4,4130,6195,6195,0.333333333,6814.5,6814
1153,4987123145381,アリナミンＡ１８０錠,,4,2835,4252.5,4252,0.333333333,4677.2,4677
1152,4987123145374,アリナミンＡ６０錠,,4,1008,1512,1512,0.333333333,1663.2,1663
1151,4987123145275,☆ベンザ鼻炎薬α１２錠,,2,869,1303.5,1303,0.333333333,1433.3,1433
1150,4987123145268,☆ベンザ鼻炎スプレー１４ｍｌ,,3,617,925.5,925,0.333333333,1017.5,1017
1149,4987123145237,アリナミンＡ５０　１７０錠,,4,3120,4680,4680,0.333333333,5148,5148
1148,4987123145220,アリナミンＡ５０　６５錠,,4,1287,1930.5,1930,0.333333333,2123,2123
1147,4987123145206,☆ベンザエースＡ錠１２０錠,,2,1427,2140.5,2140,0.333333333,2354,2354
1146,4987123144872,☆ベンザブロックＳカプレット３０錠,,2,1121,1681.5,1681,0.333333333,1849.1,1849
1145,4987123144858,☆ベンザブロックＬカプレット３０錠,,2,1499,2248.5,2248,0.333333333,2472.8,2472
1144,4987123144797,☆ベンザブロックＳカプレット１８錠,,2,850,1275,1275,0.333333333,1402.5,1402
1143,4987123144773,☆ベンザブロックＬカプレット１８錠,,2,1039,1558.5,1558,0.333333333,1713.8,1713
1142,4987123143714,ハイシーホワイト２　１８０錠,,4,3641,5461.5,5461,0.333333333,6007.1,6007
1141,4987123143684,ハイシーＢメイト２　１５０錠,,4,2129,3193.5,3193,0.333333333,3512.3,3512
1140,4987123143677,ハイシーＢメイト２　７５錠,,4,1121,1681.5,1681,0.333333333,1849.1,1849
1139,4987123143660,ハイシーＢメイト２　４０錠,,4,680,1020,1020,0.333333333,1122,1122
1138,4987123143165,☆ベンザブロックせき止め錠３６錠,,2,945,1417.5,1417,0.333333333,1558.7,1558
1137,4987123143127,アクテージＡＮ錠２００錠,,4,4746,7119,7119,0.333333333,7830.9,7830
1136,4987123143110,アクテージＡＮ錠１００錠,,4,2706,4059,4059,0.333333333,4464.9,4464
1135,4987123142663,マイティアフレッシュ４０　１５ｍｌ,,4,350,525,525,0.333333333,577.5,577
1134,4987123142403,ハイシーホワイト２　１２０錠,,4,2507,3760.5,3760,0.333333333,4136,4136
1133,4987123142397,ハイシーホワイト２　６０錠,,4,1373,2059.5,2059,0.333333333,2264.9,2264
1132,4987123142168,☆ニコレット９６個,,2,4830,7245,7245,0.333333333,7969.5,7969
1131,4987123142137,オスバンネオウォッシュ詰替用９５０ｍｌ,,0,770,1155,1155,0.333333333,1270.5,1270
1130,4987123142120,オスバンネオウォッシュ３３０ｍＬ,,0,903,1354.5,1354,0.333333333,1489.4,1489
261,4987123142038,タケダ漢方便秘薬１８０錠,,3,2047,3070.5,3070,0.333333333,3377,3377
1129,4987123142021,タケダ漢方便秘薬１２０錠,,3,1485,2227.5,2227,0.333333333,2449.7,2449
1128,4987123142014,タケダ漢方便秘薬６５錠,,3,852,1278,1278,0.333333333,1405.8,1405
260,4987123141345,ボラギノールＡ注入軟膏２ｇ×３０,,2,2927,4390.5,4390,0.333333333,4829,4829
1127,4987123139588,☆ベンザブロックトローチ２４錠,,3,597,895.5,895,0.333333333,984.5,984
1126,4987123138895,ハイシー１０００　８４包,,4,2154,3231,3231,0.333333333,3554.1,3554
1125,4987123137362,ビタミンＣ「タケダ」３００錠,,4,2100,3150,3150,0.333333333,3465,3465
1124,4987123137355,ビタミンＣ「タケダ」１００錠,,4,929,1393.5,1393,0.333333333,1532.3,1532
1123,4987123137232,クリア３６錠（ＰＴＰ）,,3,671,1006.5,1006,0.333333333,1106.6,1106
1122,4987123135429,ハイシー１０００　４８包,,4,1346,2019,2019,0.333333333,2220.9,2220
1121,4987123135412,ハイシー１０００　２４包,,4,748,1122,1122,0.333333333,1234.2,1234
1120,4987123135078,フローミンエース１５０錠,,2,6714,10071,10071,0.333333333,11078.1,11078
259,4987123134828,ボラギノールＭ軟膏２０ｇ,,3,671,1006.5,1006,0.333333333,1106.6,1106
1119,4987123134811,ボラギノールＭ坐剤３０入,,3,1830,2745,2745,0.333333333,3019.5,3019
258,4987123134804,ボラギノールＭ坐剤１０入,,3,732,1098,1098,0.333333333,1207.8,1207
257,4987123134798,ボラギノールＡ注入軟膏２ｇ×１０,,2,1098,1647,1647,0.333333333,1811.7,1811
256,4987123134781,ボラギノールＡ軟膏２０ｇ,,2,854,1281,1281,0.333333333,1409.1,1409
1118,4987123134774,ボラギノールＡ坐剤３０入,,2,2439,3658.5,3658,0.333333333,4023.8,4023
255,4987123134767,ボラギノールＡ坐剤２０入,,2,1708,2562,2562,0.333333333,2818.2,2818
254,4987123134750,ボラギノールＡ坐剤１０入,,2,915,1372.5,1372,0.333333333,1509.2,1509
1117,4987123133739,ハイシーＬ１００錠,,4,1951,2926.5,2926,0.333333333,3218.6,3218
1116,4987123116046,オスバン液Ｓ６００ｍｌ,,4,542,813,813,0.333333333,894.3,894
1115,4987117372335,☆ゼノールジクロダイレクト４２ｇ,,3,1120,1680,1680,0.333333333,1848,1848
1114,4987117372304,☆ゼノールエクサム液ゲル５２ｍｌ,,3,900,1350,1350,0.333333333,1485,1485
1112,4987117372151,☆ゼノール湿布ピタット冷感２４枚,,4,1200,1800,1800,0.333333333,1980,1980
1111,4987117372106,☆ゼノール湿布ピタット冷感１２枚,,4,720,1080,1080,0.333333333,1188,1188
1110,4987117372052,☆ゼノールチックＥ３３ｇ,,4,510,765,765,0.333333333,841.5,841
1109,4987117372038,☆ゼノールエクサムＦＸ３２ｇ,,3,690,1035,1035,0.333333333,1138.5,1138
1108,4987117372014,☆ゼノールエクサムＳＸ４３ｇ,,3,900,1350,1350,0.333333333,1485,1485
1106,4987117140125,ウレパールプラスクリーム８０ｇ,,3,768,1152,1152,0.333333333,1267.2,1267
1104,4987115598850,スミスリンＬシャンプー８０ｍｌ,,3,1909,2863.5,2863,0.333333333,3149.3,3149
253,4987110050049,☆ピシャット下痢止めＯＤ錠１２錠,,2,425,637.5,637,0.333333333,700.7,700
252,4987110040019,正露丸クイックＣ１６カプセル,,3,650,975,975,0.333333333,1072.5,1072
1099,4987110010913,クレベリンスティック詰替６本,,0,780,1170,1170,0.333333333,1287,1287
1098,4987110010906,クレベリンスティック２本入り,,0,650,975,975,0.333333333,1072.5,1072
251,4987110010869,クレベリン置き型１５０ｇ,,0,1300,1950,1950,0.333333333,2145,2145
1097,4987110004301,大幸セイロガン糖衣Ａ１２０錠,,3,1820,2730,2730,0.333333333,3003,3003
250,4987110004295,セイロガン糖衣Ａ携帯用ピンク２４錠,,3,480,720,720,0.333333333,792,792
249,4987110004288,セイロガン糖衣Ａ携帯用イエロー２４錠,,3,480,720,720,0.333333333,792,792
1096,4987110004271,大幸セイロガン糖衣Ａ４８錠ＰＴＰ,,3,770,1155,1155,0.333333333,1270.5,1270
248,4987110004257,大幸セイロガン糖衣Ａ８４錠,,3,990,1485,1485,0.333333333,1633.5,1633
1095,4987110004240,大幸セイロガン糖衣Ａ３６錠,,3,495,742.5,742,0.333333333,816.2,816
247,4987110003120,ラッパ整腸薬ＢＦ２４包,,0,430,645,645,0.333333333,709.5,709
1094,4987110001652,大幸正露丸４００錠,,3,1760,2640,2640,0.333333333,2904,2904
246,4987110001645,大幸正露丸２００錠,,3,990,1485,1485,0.333333333,1633.5,1633
245,4987110001638,大幸正露丸１００錠,,3,550,825,825,0.333333333,907.5,907
1093,4987107631145,新エバユースＢ２６ａ　２５０錠,,4,1430,2145,2145,0.333333333,2359.5,2359
1092,4987107631121,新エバユースＢ２６ａ　１２０錠,,4,760,1140,1140,0.333333333,1254,1254
1091,4987107631114,新エバユースＢ２６ａ　６０錠,,4,410,615,615,0.333333333,676.5,676
1090,4987107629876,☆新ルルＡゴールドＤＸα（ＰＴＰ）　４５錠,,2,910,1365,1365,0.333333333,1501.5,1501
1089,4987107628916,マキロンアクネージュメディカルローション１００Ｍ,,3,840,1260,1260,0.333333333,1386,1386
1088,4987107628886,☆マキロンアクネージュメディカルクリーム　１８Ｇ,,3,840,1260,1260,0.333333333,1386,1386
1087,4987107628220,☆ロキソニンＳローションＡ　２５Ｇ,,3,802,1203,1203,0.333333333,1323.3,1323
1086,4987107627667,トランシーノホワイトＣクリア２４０錠,,4,3276,4914,4914,0.333333333,5405.4,5405
1085,4987107627360,☆プレコールＣＲ持続性錠　２４錠,,2,1650,2475,2475,0.333333333,2722.5,2722
1084,4987107627353,☆プレコールＣＲ持続性錠　１２錠,,2,938,1407,1407,0.333333333,1547.7,1547
244,4987107625137,☆オイラックスソフト　１６ｇ,,4,683,1024.5,1024,0.333333333,1126.4,1126
243,4987107625106,オイラックスＤＸ軟膏　１６ｇ,,2,975,1462.5,1462,0.333333333,1608.2,1608
1083,4987107623300,クリアレックスＷｉ詰替え３８０ｍｌ,,0,1210,1815,1815,0.333333333,1996.5,1996
1082,4987107623294,クリアレックスＷｉ　４５０ｍｌ,,0,1540,2310,2310,0.333333333,2541,2541
1081,4987107623287,クリアレックスＷｉ　２００ｍｌ,,0,770,1155,1155,0.333333333,1270.5,1270
1080,4987107623171,クリーンデンタル無研磨９０ｇ,,0,1142,1713,1713,0.333333333,1884.3,1884
1079,4987107623119,クリーンデンタルＷくすみケア１００ｇ,,0,1142,1713,1713,0.333333333,1884.3,1884
1078,4987107623102,クリーンデンタルＷくすみケア５０ｇ,,0,626,939,939,0.333333333,1032.9,1032
1077,4987107623041,クリーンデンタルＳしみないケア１００ｇ,,0,1142,1713,1713,0.333333333,1884.3,1884
1076,4987107623034,クリーンデンタルＳしみないケア５０ｇ,,0,626,939,939,0.333333333,1032.9,1032
1075,4987107622976,クリーンデンタルＭ口臭ケア１００ｇ,,0,1142,1713,1713,0.333333333,1884.3,1884
1074,4987107622969,クリーンデンタルＭ口臭ケア５０ｇ,,0,626,939,939,0.333333333,1032.9,1032
1073,4987107622907,クリーンデンタルＬトータルケア１００ｇ,,0,1142,1713,1713,0.333333333,1884.3,1884
1072,4987107622860,クリーンデンタルＬトータルケア５０ｇ,,0,626,939,939,0.333333333,1032.9,1032
1071,4987107622068,ロコベースリペアリップクリーム３ｇ,,0,960,1440,1440,0.333333333,1584,1584
1070,4987107622051,ロコベースリペアミルク４８ｇ,,0,1440,2160,2160,0.333333333,2376,2376
1069,4987107622044,ロコベースリペアクリーム３０ｇ,,0,1440,2160,2160,0.333333333,2376,2376
1067,4987107620521,☆マキロンパッチエースＦ２４枚,,2,275,412.5,412,0.333333333,453.2,453
1066,4987107620514,☆マキロンかゆみ止パッチＰ４８枚,,4,330,495,495,0.333333333,544.5,544
1065,4987107619792,トランシーノホワイトＣクリア１２０錠,,4,2028,3042,3042,0.333333333,3346.2,3346
1064,4987107619785,トランシーノホワイトＣクリア６０錠,,4,1248,1872,1872,0.333333333,2059.2,2059
1063,4987107618122,☆オイラックスＰＺリペアクリーム１０ｇ,,2,810,1215,1215,0.333333333,1336.5,1336
1062,4987107618115,☆オイラックスＰＺリペアクリーム５ｇ,,2,441,661.5,661,0.333333333,727.1,727
242,4987107618108,☆オイラックスＰＺリペア軟膏１０ｇ,,2,810,1215,1215,0.333333333,1336.5,1336
241,4987107618092,☆オイラックスＰＺリペア軟膏５ｇ,,2,441,661.5,661,0.333333333,727.1,727
1061,4987107617897,☆ロキソニンＳハップ７枚,,3,870,1305,1305,0.333333333,1435.5,1435
1060,4987107617873,☆ロキソニンＳテープＬ７枚,,3,1074,1611,1611,0.333333333,1772.1,1772
240,4987107617866,☆ロキソニンＳテープ１４枚,,3,1074,1611,1611,0.333333333,1772.1,1772
1059,4987107617859,☆ロキソニンＳテープ７枚,,3,666,999,999,0.333333333,1098.9,1098
1058,4987107617460,クリーンデンタルＮ歯槽膿漏薬８ｇ,,4,476,714,714,0.333333333,785.4,785
1057,4987107617170,☆ルルアタックＮＸ　２４錠,,2,1300,1950,1950,0.333333333,2145,2145
1056,4987107617163,☆ルルアタックＮＸ　１８錠,,2,1040,1560,1560,0.333333333,1716,1716
1055,4987107617156,☆ルルアタックＮＸ　１２錠,,2,780,1170,1170,0.333333333,1287,1287
1054,4987107616920,新タカヂア錠２５０錠,,0,720,1080,1080,0.333333333,1188,1188
239,4987107616524,ミノンアミノモイストモイストチャージミルク１００,,0,1600,2400,2400,0.333333333,2640,2640
238,4987107616043,ミノンベビー全身シャンプー詰替３００ｍｌ,,0,560,840,840,0.333333333,924,924
237,4987107616036,ミノンベビー全身シャンプー３５０ｍｌ,,0,720,1080,1080,0.333333333,1188,1188
236,4987107615930,ミノン全身シャンプーしっとり詰替３８０ｍｌ,,0,680,1020,1020,0.333333333,1122,1122
1050,4987107615633,☆エージーアイズアレルカットＭ　１３ｍｌ,,3,790,1185,1185,0.333333333,1303.5,1303
1049,4987107615626,☆エージーアイズアレルカットＣ　１３ｍｌ,,3,790,1185,1185,0.333333333,1303.5,1303
1048,4987107615619,☆エージーアイズアレルカットＳ　１３ｍｌ,,3,790,1185,1185,0.333333333,1303.5,1303
1047,4987107615541,☆新ルルＡゴールド１００錠,,2,1436,2154,2154,0.333333333,2369.4,2369
1046,4987107615534,☆新ルルＡゴールド　６５錠,,2,1058,1587,1587,0.333333333,1745.7,1745
1045,4987107615527,☆新ルルＡゴールド　３０錠,,2,554,831,831,0.333333333,914.1,914
1044,4987107615459,☆新ルルＡ錠Ｓ　１５０錠,,2,1705,2557.5,2557,0.333333333,2812.7,2812
1043,4987107615442,☆新ルルＡ錠Ｓ　１００錠,,2,1348,2022,2022,0.333333333,2224.2,2224
1042,4987107615435,☆新ルルＡ錠Ｓ　５０錠,,2,825,1237.5,1237,0.333333333,1360.7,1360
1041,4987107614704,☆新プレコール持続性カプセル３６Ｐ,,2,1575,2362.5,2362,0.333333333,2598.2,2598
1040,4987107614698,☆新プレコール持続性カプセル２４Ｐ,,2,1238,1857,1857,0.333333333,2042.7,2042
235,4987107614001,トラフル軟膏６ｇ,,4,540,810,810,0.333333333,891,891
1035,4987107613172,☆ルルメディカルドロップＧ（グレープ）２０粒,,2,260,390,390,0.333333333,429,429
1034,4987107613165,☆ルルメディカルドロップＯ（オレンジ）２０粒,,2,260,390,390,0.333333333,429,429
1033,4987107613158,☆ルルメディカルドロップＨはちみつレモン　２０粒,,2,260,390,390,0.333333333,429,429
1032,4987107612236,☆ピロエースＺクリーム１５ｇ,,2,1260,1890,1890,0.333333333,2079,2079
1031,4987107612229,☆ピロエースＺ軟膏１５ｇ,,2,1260,1890,1890,0.333333333,2079,2079
1030,4987107612212,☆ピロエースＺ液１５ｍｌ,,2,1260,1890,1890,0.333333333,2079,2079
1029,4987107611956,☆プレコール持続性せき止め１０カプセル,,2,900,1350,1350,0.333333333,1485,1485
1028,4987107611451,☆新ルルＡゴールドＤＸ９０錠,,2,1430,2145,2145,0.333333333,2359.5,2359
1027,4987107611444,☆新ルルＡゴールドＤＸ６０錠,,2,1105,1657.5,1657,0.333333333,1822.7,1822
1026,4987107611437,☆新ルルＡゴールドＤＸ３０錠,,2,650,975,975,0.333333333,1072.5,1072
1025,4987107611017,☆プレコール持続性鼻炎ＬＸ４０Ｐ,,2,1500,2250,2250,0.333333333,2475,2475
1024,4987107611000,☆プレコール持続性鼻炎ＬＸ２０Ｐ,,2,870,1305,1305,0.333333333,1435.5,1435
234,4987107609779,トラフル３６錠,,4,1200,1800,1800,0.333333333,1980,1980
1023,4987107609229,☆ルルアタックＥＸ（Ｓ２）顆粒１２包,,2,1300,1950,1950,0.333333333,2145,2145
1022,4987107609212,☆ルルアタックＥＸ（Ｓ２）顆粒６包,,2,780,1170,1170,0.333333333,1287,1287
1021,4987107609205,☆ルルアタックＥＸ（Ｓ２）錠剤２４錠,,2,1300,1950,1950,0.333333333,2145,2145
1020,4987107609199,☆ルルアタックＥＸ（Ｓ２）錠剤１８錠,,2,1040,1560,1560,0.333333333,1716,1716
1019,4987107609182,☆ルルアタックＥＸ（Ｓ２）錠剤１２錠,,2,780,1170,1170,0.333333333,1287,1287
1018,4987107608697,クロロマイセチン軟膏２％　１５ｇ,,3,539,808.5,808,0.333333333,888.8,888
1017,4987107608673,ベトネベートクリーム５ｇ,,2,578,867,867,0.333333333,953.7,953
233,4987107607683,☆カコナール２葛根湯顆粒満量処方１２包,,3,1003,1504.5,1504,0.333333333,1654.4,1654
232,4987107607645,☆カコナール葛根湯顆粒満量処方１２包,,3,620,930,930,0.333333333,1023,1023
231,4987107607409,トラフル２４錠,,4,900,1350,1350,0.333333333,1485,1485
230,4987107607232,☆サリドンＷｉ２０錠,,2,850,1275,1275,0.333333333,1402.5,1402
1015,4987107170842,第一三共胃腸薬プラス錠剤１８０錠,,3,1170,1755,1755,0.333333333,1930.5,1930
1014,4987107170835,第一三共胃腸薬プラス錠剤５０錠,,3,585,877.5,877,0.333333333,964.7,964
1013,4987107170811,第一三共胃腸薬プラス細粒３０包,,3,1170,1755,1755,0.333333333,1930.5,1930
1012,4987107170804,第一三共胃腸薬プラス細粒１２包,,3,585,877.5,877,0.333333333,964.7,964
1011,4987107170699,第一三共胃腸薬グリーン微粒２０包,,3,814,1221,1221,0.333333333,1343.1,1343
1010,4987107170682,第一三共胃腸薬グリーン微粒１０包,,3,484,726,726,0.333333333,798.6,798
1009,4987107170675,第一三共胃腸薬グリーン錠９０錠,,3,814,1221,1221,0.333333333,1343.1,1343
1008,4987107170668,第一三共胃腸薬グリーン錠５０錠,,3,484,726,726,0.333333333,798.6,798
1007,4987107046666,システィナＣ２１０錠,,4,1330,1995,1995,0.333333333,2194.5,2194
1006,4987107046659,システィナＣ８０錠,,4,810,1215,1215,0.333333333,1336.5,1336
1005,4987107046284,☆ペラックコールドＴＤ錠３０錠,,2,600,900,900,0.333333333,990,990
1004,4987107045881,新黒丸３丸×１０包,,4,485,727.5,727,0.333333333,799.7,799
229,4987107044860,カフェロップ１２錠,,4,143,214.5,214,0.333333333,235.4,235
228,4987107044327,エクトール赤玉７２錠,,3,480,720,720,0.333333333,792,792
1003,4987097226321,センナダイオウ３００錠,,2,1270,1905,1905,0.333333333,2095.5,2095
1002,4987087042276,シナールＬホワイト２　２００錠,,4,1877,2815.5,2815,0.333333333,3096.5,3096
227,4987087041972,イソジン軟膏　５ｇ,,4,390,585,585,0.333333333,643.5,643
1001,4987087041965,イソジンきず薬　３０ｍｌ,,4,353,529.5,529,0.333333333,581.9,581
1000,4987087041675,ポポンＳプラス７２錠,,2,770,1155,1155,0.333333333,1270.5,1270
999,4987087041668,☆セデスハイＧ　１２包,,2,1470,2205,2205,0.333333333,2425.5,2425
226,4987087041392,クッションコレクトＥＺ３０ｇ,,0,756,1134,1134,0.333333333,1247.4,1247
225,4987087041385,クッションコレクトＥＺ１０ｇ,,0,280,420,420,0.333333333,462,462
998,4987087041101,熊膽圓Ｓ８包,,3,630,945,945,0.333333333,1039.5,1039
223,4987087041095,廣貫堂赤玉はら薬Ｓ６包,,3,490,735,735,0.333333333,808.5,808
997,4987087040814,熊膽圓Ｓ２包,,3,210,315,315,0.333333333,346.5,346
995,4987087039191,ポポンＳプラス２００錠,,2,1686,2529,2529,0.333333333,2781.9,2781
994,4987087039146,シオノギ胃腸薬Ｋ細粒３２包,,3,1187,1780.5,1780,0.333333333,1958,1958
993,4987087039139,シオノギ胃腸薬Ｋ細粒１６包,,3,654,981,981,0.333333333,1079.1,1079
992,4987087038842,☆ローカスタＥＸ１８０カプセル,,4,3320,4980,4980,0.333333333,5478,5478
222,4987087038835,☆ローカスタＥＸ９０カプセル,,4,1920,2880,2880,0.333333333,3168,3168
991,4987087038712,ポポンＶＬ整腸薬２４０錠,,4,1095,1642.5,1642,0.333333333,1806.2,1806
990,4987087038705,ポポンＶＬ整腸薬９０錠,,4,541,811.5,811,0.333333333,892.1,892
221,4987087036145,☆セデス・ハイＧ６包,,2,840,1260,1260,0.333333333,1386,1386
989,4987087036138,☆セデス・ファースト４０錠,,2,728,1092,1092,0.333333333,1201.2,1201
987,4987087036077,ポポンＳ　２４０錠,,0,2448,3672,3672,0.333333333,4039.2,4039
986,4987087036060,ポポンＳ　１２０錠,,0,1292,1938,1938,0.333333333,2131.8,2131
985,4987087036053,ポポンＳ　６０錠,,0,666,999,999,0.333333333,1098.9,1098
984,4987087035865,☆パイロン溶かして飲むかぜ薬６包,,2,488,732,732,0.333333333,805.2,805
983,4987087035629,ポポンピュメリン目薬　１５ｍＬ,,4,420,630,630,0.333333333,693,693
982,4987087035612,☆ローカスタ１８０カプセル,,4,2732,4098,4098,0.333333333,4507.8,4507
981,4987087035605,☆ローカスタ９０カプセル,,4,1475,2212.5,2212,0.333333333,2433.2,2433
980,4987087035469,☆新セデス錠６０錠,,2,924,1386,1386,0.333333333,1524.6,1524
979,4987087035445,☆セデスハイ４０錠,,2,1540,2310,2310,0.333333333,2541,2541
220,4987087034509,☆新セデスキュア３０錠,,2,291,436.5,436,0.333333333,479.6,479
978,4987087031546,☆セデスＶ３０錠,,2,504,756,756,0.333333333,831.6,831
977,4987087031539,☆セデスＶ１０錠,,2,224,336,336,0.333333333,369.6,369
219,4987087026542,クッションコレクト３６ｇ,,0,980,1470,1470,0.333333333,1617,1617
976,4987087022797,☆セデスハイ２０錠,,2,883,1324.5,1324,0.333333333,1456.4,1456
975,4987087022780,☆セデスハイ１０錠,,2,488,732,732,0.333333333,805.2,805
974,4987087022261,☆新セデス錠４０錠,,2,624,936,936,0.333333333,1029.6,1029
218,4987087022254,☆新セデス錠２０錠,,2,338,507,507,0.333333333,557.7,557
973,4987087011128,クッションコレクト１２ｇ,,0,364,546,546,0.333333333,600.6,600
972,4987087010459,シオノギＤ軟膏１０ｇ,,2,706,1059,1059,0.333333333,1164.9,1164
971,4987087010442,シオノギＤ軟膏５ｇ,,2,401,601.5,601,0.333333333,661.1,661
217,4987087008975,コランチルＡ顆粒４０包,,3,763,1144.5,1144,0.333333333,1258.4,1258
970,4987081458325,☆新ルル点鼻薬１６ｍｌ,,3,353,529.5,529,0.333333333,581.9,581
969,4987081315758,ビトンハイＥＣＢ２　９０包,,4,3306,4959,4959,0.333333333,5454.9,5454
968,4987081315734,ビトンハイＥＣＢ２　６０包,,4,2394,3591,3591,0.333333333,3950.1,3950
967,4987081299232,パンラクミン錠５５０錠,,0,1490,2235,2235,0.333333333,2458.5,2458
216,4987081018413,☆アレルギール錠５５錠,,3,350,525,525,0.333333333,577.5,577
965,4987081018406,☆アレルギールジェル２０ｇ,,2,441,661.5,661,0.333333333,727.1,727
215,4987081018383,☆アレルギールクリーム２０ｇ,,2,440,660,660,0.333333333,726,726
964,4987074300181,新新ＤＳ胃腸薬１００錠,,4,585,877.5,877,0.333333333,964.7,964
963,4987074300112,ピアソンＨＰローション５０ｇ,,3,630,945,945,0.333333333,1039.5,1039
962,4987074300105,ピアソンＨＰクリーム５０ｇ,,3,630,945,945,0.333333333,1039.5,1039
214,4987072680018,☆ラナケインＳ３０ｇ,,4,528,792,792,0.333333333,871.2,871
960,4987072510063,糸ようじ２０本卓上容器,,0,210,315,315,0.333333333,346.5,346
959,4987072084434,ゼローラモーニングウォッシュ　４５０ｍｌ,,0,574,861,861,0.333333333,947.1,947
958,4987072084045,ナイトミン耳ほぐタイム５日分,,0,436,654,654,0.333333333,719.4,719
957,4987072083918,ナイトミン鼻呼吸テープ２１枚,,0,501,751.5,751,0.333333333,826.1,826
213,4987072083536,ボーコレン４８錠,,3,992,1488,1488,0.333333333,1636.8,1636
212,4987072083239,☆塗るズッキノン１５ｇ,,4,650,975,975,0.333333333,1072.5,1072
211,4987072082775,マルチビタミンミネラル必須アミノ酸１２０錠,,0,840,1260,1260,0.333333333,1386,1386
210,4987072082768,コムレケア２４錠,,3,620,930,930,0.333333333,1023,1023
956,4987072077375,チクナイン２８包,,3,2204,3306,3306,0.333333333,3636.6,3636
955,4987072077238,チクナイン１４包,,3,1160,1740,1740,0.333333333,1914,1914
954,4987072074244,生葉口内塗薬２０ｇ,,4,600,900,900,0.333333333,990,990
953,4987072073971,命の母ホワイト１８０錠,,3,1440,2160,2160,0.333333333,2376,2376
208,4987072073810,☆小林ムズメン１５ｇ,,3,551,826.5,826,0.333333333,908.6,908
952,4987072073186,間宮アロエ軟膏９０ｇ,,4,870,1305,1305,0.333333333,1435.5,1435
951,4987072073179,間宮アロエ軟膏５０ｇ,,4,580,870,870,0.333333333,957,957
207,4987072073162,間宮アロエ軟膏１５ｇ,,4,290,435,435,0.333333333,478.5,478
205,4987072071878,ファイチ１２０錠,,3,1566,2349,2349,0.333333333,2583.9,2583
204,4987072070352,ワキガード　５０ｇ,,0,509,763.5,763,0.333333333,839.3,839
950,4987072068748,パーシャルデント１０８錠,,0,427,640.5,640,0.333333333,704,704
949,4987072068595,タフデント１０８錠,,0,427,640.5,640,0.333333333,704,704
202,4987072068588,漢方ナイトミン７２錠,,3,1080,1620,1620,0.333333333,1782,1782
201,4987072068243,小林生葉液薬２０ｇ,,4,600,900,900,0.333333333,990,990
200,4987072066911,ファイチ６０錠,,3,870,1305,1305,0.333333333,1435.5,1435
199,4987072066768,ファイチ３０錠,,3,522,783,783,0.333333333,861.3,861
198,4987072066447,サラサーティランジェリー用洗剤１２０ｍｌ,,0,233,349.5,349,0.333333333,383.9,383
948,4987072066256,アロエ製薬便秘錠１００錠,,3,928,1392,1392,0.333333333,1531.2,1531
197,4987072065969,☆アンメルツレディーナ４６ｍｌ,,4,312,468,468,0.333333333,514.8,514
196,4987072063507,☆ラナケイン冷感ジェル３０ｇ,,3,572,858,858,0.333333333,943.8,943
947,4987072063309,ケシミンクリームｃ３０ｇ,,0,1044,1566,1566,0.333333333,1722.6,1722
195,4987072063101,コリホグス１６錠,,2,580,870,870,0.333333333,957,957
194,4987072061497,アイボンメディカル５００ｍｌ,,4,780,1170,1170,0.333333333,1287,1287
944,4987072060698,ウィルテクト口内殺菌スプレー１５ｍｌ,,0,574,861,861,0.333333333,947.1,947
943,4987072060674,ハウメル　１００ｇ,,0,399,598.5,598,0.333333333,657.8,657
941,4987072059937,ゼローラ　９０ｇ,,0,546,819,819,0.333333333,900.9,900
940,4987072059180,☆マスキュア８ｇ,,3,496,744,744,0.333333333,818.4,818
939,4987072058763,スマートフォンふきふき　２０包,,0,218,327,327,0.333333333,359.7,359
938,4987072058749,うるるテクト　消毒できるハンドミルク,,0,558,837,837,0.333333333,920.7,920
191,4987072058664,ウイルテクト補中益気湯エキス錠　６０錠,,0,1116,1674,1674,0.333333333,1841.4,1841
190,4987072058640,のどぬーるマスクムレ感対策スプレー,,0,375,562.5,562,0.333333333,618.2,618
937,4987072058244,メグリビａ　１６８錠,,3,2170,3255,3255,0.333333333,3580.5,3580
188,4987072057575,アルピタンガンマ　１６錠,,3,744,1116,1116,0.333333333,1227.6,1227
187,4987072056486,アットノンニキビあとケアジェル１０ｇ,,0,845,1267.5,1267,0.333333333,1393.7,1393
932,4987072056455,☆ナイシトールＧａ　３３６Ｔ,,3,3224,4836,4836,0.333333333,5319.6,5319
186,4987072056424,☆ナイシトールＺａ　４２０Ｔ,,3,4650,6975,6975,0.333333333,7672.5,7672
931,4987072056417,☆ナイシトールＺａ　３１５Ｔ,,3,3900,5850,5850,0.333333333,6435,6435
185,4987072056400,☆ナイシトールＺａ　１０５錠パウチ,,3,1302,1953,1953,0.333333333,2148.3,2148
183,4987072056073,テイラック２４錠,,3,620,930,930,0.333333333,1023,1023
929,4987072054673,☆のどぬーる鎮痛カプセルａ１８カプセル,,2,620,930,930,0.333333333,1023,1023
928,4987072054567,ブレスパルファム飲むカプセルローズ５０粒,,0,350,525,525,0.333333333,577.5,577
181,4987072053911,ユービケア１８包,,3,992,1488,1488,0.333333333,1636.8,1636
927,4987072053621,タバコスミガキ９０ｇ,,0,384,576,576,0.333333333,633.6,633
180,4987072053591,ヘモリンド　４０錠,,3,1612,2418,2418,0.333333333,2659.8,2659
178,4987072052655,☆コムレケアヨコヨコ４６ｍｌ,,3,620,930,930,0.333333333,1023,1023
176,4987072051375,ブレスパルファムはじけるカプセルプレシャスフロー,,0,154,231,231,0.333333333,254.1,254
172,4987072049983,クロキュアＥＸ１５ｇ,,4,620,930,930,0.333333333,1023,1023
171,4987072048061,コムレケアゼリー４包,,3,620,930,930,0.333333333,1023,1023
170,4987072048054,ヘモリンド２０錠,,3,868,1302,1302,0.333333333,1432.2,1432
168,4987072047323,ダスモックｂ８０錠,,3,1674,2511,2511,0.333333333,2762.1,2762
167,4987072047316,ダスモックｂ４０錠,,3,930,1395,1395,0.333333333,1534.5,1534
166,4987072046531,アルピタン１２包,,3,1170,1755,1755,0.333333333,1930.5,1930
165,4987072045961,ダスモックａ１６包,,3,1674,2511,2511,0.333333333,2762.1,2762
164,4987072045954,ダスモックａ８包,,3,930,1395,1395,0.333333333,1534.5,1534
163,4987072045824,☆ケアノキュア２０ｇ,,3,806,1209,1209,0.333333333,1329.9,1329
918,4987072044629,アットノンＥＸクリーム１５ｇ,,3,845,1267.5,1267,0.333333333,1393.7,1393
917,4987072044612,アットノンＥＸジェル１５ｇ,,3,845,1267.5,1267,0.333333333,1393.7,1393
916,4987072044452,さいきｎ乳液２５ｇ,,3,589,883.5,883,0.333333333,971.3,971
162,4987072043844,ハレナース１８包,,4,1430,2145,2145,0.333333333,2359.5,2359
161,4987072043370,さいきｎ乳液８０ｇ,,3,1488,2232,2232,0.333333333,2455.2,2455
911,4987072043103,ポータブルトイレ消臭液４００ｍｌ,,0,422,633,633,0.333333333,696.3,696
910,4987072042991,ケシミン美容液３０ｍＬ,,0,879,1318.5,1318,0.333333333,1449.8,1449
909,4987072042762,ビスラットゴールドＥＸ７０錠,,3,980,1470,1470,0.333333333,1617,1617
160,4987072042755,コムレケアａ４８錠,,3,1116,1674,1674,0.333333333,1841.4,1841
159,4987072042670,チクナインｂ　２２４錠,,3,4160,6240,6240,0.333333333,6864,6864
908,4987072042663,チクナインｂ　１１２錠,,3,2470,3705,3705,0.333333333,4075.5,4075
907,4987072042656,チクナインｂ　５６錠,,3,1300,1950,1950,0.333333333,2145,2145
158,4987072042144,ビスラットゴールドＥＸ２１０錠,,3,2604,3906,3906,0.333333333,4296.6,4296
157,4987072041512,セナキュア１００ｍＬ,,3,744,1116,1116,0.333333333,1227.6,1227
156,4987072040973,さいきａローション３０ｇ,,3,589,883.5,883,0.333333333,971.3,971
155,4987072040652,さいきａローション１００ｇ,,3,1488,2232,2232,0.333333333,2455.2,2455
154,4987072040591,小林ルテインａ３０粒,,0,1040,1560,1560,0.333333333,1716,1716
153,4987072040560,ハナノア専用洗浄液５００ｍｌ,,0,505,757.5,757,0.333333333,832.7,832
152,4987072039915,エクオール３０粒,,0,1500,2250,2250,0.333333333,2475,2475
905,4987072039359,命の母ホワイト３６０錠,,3,2765,4147.5,4147,0.333333333,4561.7,4561
151,4987072039342,小林サラシア１００　６０錠,,0,1680,2520,2520,0.333333333,2772,2772
904,4987072038765,☆アセモアａパウダージェル３２ｇ,,3,520,780,780,0.333333333,858,858
150,4987072038048,☆キュアレア８Ｇ,,3,620,930,930,0.333333333,1023,1023
149,4987072037072,☆ナイシトール８５ａパウチ５０錠,,3,558,837,837,0.333333333,920.7,920
903,4987072037065,☆ナイシトール８５ａ　１４０錠,,3,1476,2214,2214,0.333333333,2435.4,2435
148,4987072037058,☆ナイシトール８５ａ　２８０錠,,3,2790,4185,4185,0.333333333,4603.5,4603
147,4987072034897,☆タムチンキパウダーインジェル１５ｇ,,3,480,720,720,0.333333333,792,792
902,4987072034835,ビスラットゴールドｂパウチ　７０錠,,3,856,1284,1284,0.333333333,1412.4,1412
146,4987072034811,オイルデル２４カプセル,,3,620,930,930,0.333333333,1023,1023
145,4987072034491,☆シジラック８４錠,,3,870,1305,1305,0.333333333,1435.5,1435
143,4987072033128,ギャクリア１０包,,3,992,1488,1488,0.333333333,1636.8,1636
901,4987072032800,生葉漢方内服薬　８４Ｔ,,3,845,1267.5,1267,0.333333333,1393.7,1393
896,4987072032381,のどぬーるぬれマスク就寝用ハーブ＆ユーカリ３組,,0,255,382.5,382,0.333333333,420.2,420
895,4987072032374,のどぬーるぬれマスク就寝用無香料３組,,0,255,382.5,382,0.333333333,420.2,420
142,4987072032367,小林グルコサミンＥＸ２４０粒,,0,1788,2682,2682,0.333333333,2950.2,2950
894,4987072032350,ドでか無香空間詰替１５００ｇ,,0,667,1000.5,1000,0.333333333,1100,1100
893,4987072032343,ドでか無香空間１８００ｇ,,0,865,1297.5,1297,0.333333333,1426.7,1426
891,4987072032176,小林ニノキュア３０ｇ,,4,780,1170,1170,0.333333333,1287,1287
890,4987072031995,のどぬーるぬれマスク就寝用ゆず＆かりん３組,,0,255,382.5,382,0.333333333,420.2,420
141,4987072030523,オシリア１０ｇ,,2,522,783,783,0.333333333,861.3,861
140,4987072030271,ユリナールｂ　１２０錠,,3,3072,4608,4608,0.333333333,5068.8,5068
889,4987072030264,ユリナールｂ　６０錠,,3,1600,2400,2400,0.333333333,2640,2640
888,4987072030257,ユリナールａ　２４包,,3,3072,4608,4608,0.333333333,5068.8,5068
887,4987072030202,ユリナールａ　１２包,,3,1600,2400,2400,0.333333333,2640,2640
886,4987072030080,ひきしめ生葉液３３０ｍｌ,,0,599,898.5,898,0.333333333,987.8,987
137,4987072029831,☆フェミニーナミスト携帯用１５ｍｌ,,3,528,792,792,0.333333333,871.2,871
136,4987072029534,香るあせワキパットリフモカベージュソープ２０枚,,0,332,498,498,0.333333333,547.8,547
135,4987072029527,メンズあせワキパットリフホワイト２０枚,,0,332,498,498,0.333333333,547.8,547
885,4987072029411,小林トマリナクール９０ｇ,,0,465,697.5,697,0.333333333,766.7,766
884,4987072029206,クレンジル６０カプセル,,3,1638,2457,2457,0.333333333,2702.7,2702
134,4987072029114,ボーコレン９６錠,,3,1860,2790,2790,0.333333333,3069,3069
133,4987072026526,アピトベール２０ｇ,,3,650,975,975,0.333333333,1072.5,1072
881,4987072026335,あせワキパットリフモカベージュお徳用４０枚,,0,586,879,879,0.333333333,966.9,966
880,4987072026328,あせワキパットリフホワイトお徳用４０枚,,0,586,879,879,0.333333333,966.9,966
879,4987072026281,あせワキパットリフモカベージュ２０枚,,0,332,498,498,0.333333333,547.8,547
878,4987072026274,あせワキパットリフホワイト２０枚,,0,332,498,498,0.333333333,547.8,547
877,4987072025895,小林糸ようじ６０本入,,0,469,703.5,703,0.333333333,773.3,773
132,4987072025772,かんたん洗浄丸お徳用２０錠,,0,333,499.5,499,0.333333333,548.9,548
876,4987072025581,やわらか歯間ブラシＳＳＳーＳサイズ２０本,,0,233,349.5,349,0.333333333,383.9,383
874,4987072025109,タフデント強力ミント１０８錠,,0,427,640.5,640,0.333333333,704,704
873,4987072024324,ハレナース９包,,4,780,1170,1170,0.333333333,1287,1287
130,4987072024126,小林漢方ズッキノン１４包,,3,975,1462.5,1462,0.333333333,1608.2,1608
871,4987072023730,命の母ホワイト８４錠,,3,704,1056,1056,0.333333333,1161.6,1161
870,4987072023716,トマリナ９０ｇ,,0,478,717,717,0.333333333,788.7,788
127,4987072021002,アッチＱＱ４０ｇ,,3,600,900,900,0.333333333,990,990
126,4987072020029,命の母　８４錠パウチ,,3,448,672,672,0.333333333,739.2,739
125,4987072018217,イララック２０カプセル,,3,870,1305,1305,0.333333333,1435.5,1435
866,4987072016121,除菌ができるタフデント４８錠,,0,342,513,513,0.333333333,564.3,564
865,4987072016077,ゴミサワデー消臭スプレー２３０ｍｌ,,0,264,396,396,0.333333333,435.6,435
124,4987072011508,爪ピカッシュ４枚,,0,241,361.5,361,0.333333333,397.1,397
858,4987072011263,のどぬーるスプレー大容量２５ｍｌ,,4,750,1125,1125,0.333333333,1237.5,1237
123,4987072011256,ガスピタン３６錠,,4,986,1479,1479,0.333333333,1626.9,1626
122,4987072011225,サカムケア１０Ｇ,,4,493,739.5,739,0.333333333,812.9,812
856,4987072010037,☆小林タムシチンキ３０ｍｌ,,3,375,562.5,562,0.333333333,618.2,618
120,4987072009680,フェミニーナなめらかゼリー５０ｇ,,0,713,1069.5,1069,0.333333333,1175.9,1175
855,4987072008539,☆ハッキリエース９０包,,2,1170,1755,1755,0.333333333,1930.5,1930
854,4987072008041,生葉１００ｇ,,0,657,985.5,985,0.333333333,1083.5,1083
119,4987072004708,のどぬーるスプレー長いノズル１５ｍｌ,,4,550,825,825,0.333333333,907.5,907
118,4987072004043,ガスピタン１８錠,,4,580,870,870,0.333333333,957,957
852,4987067816705,☆エバステルＡＬ１２錠,,3,1100,1650,1650,0.333333333,1815,1815
851,4987067816606,☆エバステルＡＬ６錠,,3,770,1155,1155,0.333333333,1270.5,1270
850,4987067247905,☆小粒タウロミン２７００錠,,3,6175,9262.5,9262,0.333333333,10188.2,10188
849,4987067229604,☆リビメックスコーワローション８ｇ,,2,819,1228.5,1228,0.333333333,1350.8,1350
848,4987067225101,☆リビメックスコーワクリーム１０ｇ,,2,1302,1953,1953,0.333333333,2148.3,2148
117,4987067224906,☆リビメックスコーワクリーム５ｇ,,2,819,1228.5,1228,0.333333333,1350.8,1350
116,4987067224708,☆リビメックスコーワ軟膏１０ｇ,,2,1302,1953,1953,0.333333333,2148.3,2148
115,4987067224609,☆リビメックスコーワ軟膏５ｇ,,2,819,1228.5,1228,0.333333333,1350.8,1350
847,4987067208401,ディープセラム３．３ｍｌ,,0,1690,2535,2535,0.333333333,2788.5,2788
846,4987067202805,☆コルゲンコーワ鼻炎フィルムクール　９枚,,3,575,862.5,862,0.333333333,948.2,948
114,4987061017023,救心錠剤３０錠,,3,2788,4182,4182,0.333333333,4600.2,4600
844,4987061015777,救心６３０粒,,3,21080,31620,31620,0.333333333,34782,34782
843,4987061015760,救心３１０粒,,3,11560,17340,17340,0.333333333,19074,19074
842,4987061015753,救心１２０粒,,3,5168,7752,7752,0.333333333,8527.2,8527
841,4987061015746,救心６０粒,,3,2788,4182,4182,0.333333333,4600.2,4600
113,4987061015739,救心３０粒,,3,1496,2244,2244,0.333333333,2468.4,2468
840,4987060008404,洗剤ミルトン詰め替え６５０ｍｌ,,0,400,600,600,0.333333333,660,660
839,4987060008398,洗剤ミルトン本体ボトル７５０ｍｌ,,0,600,900,900,0.333333333,990,990
838,4987060007889,☆新クールワン去たんソフトカプセル４８カプセル,,3,1000,1500,1500,0.333333333,1650,1650
112,4987060007858,☆新クールワン去たんソフトカプセル２４カプセル,,3,630,945,945,0.333333333,1039.5,1039
836,4987060006769,ＭｉｌｔｏｎＣＰ６０錠,,0,1292,1938,1938,0.333333333,2131.8,2131
835,4987060006752,ＭｉｌｔｏｎＣＰ３６錠,,0,816,1224,1224,0.333333333,1346.4,1346
834,4987049218398,カワイ肝油ドロップＭ４００１８０粒,,2,1491,2236.5,2236,0.333333333,2459.6,2459
833,4987046370105,ブラック加美乃素ＮＥＯ無香料１５０ｍｌ,,0,975,1462.5,1462,0.333333333,1608.2,1608
832,4987040057019,☆カイゲン顆粒　２０Ｈ,,2,660,990,990,0.333333333,1089,1089
831,4987040057002,☆カイゲン顆粒　１２Ｈ,,2,450,675,675,0.333333333,742.5,742
830,4987040055411,☆改源錠　６０Ｔ,,2,1080,1620,1620,0.333333333,1782,1782
829,4987040055404,☆改源錠３６錠,,2,720,1080,1080,0.333333333,1188,1188
828,4987040055312,☆改源かぜカプセル,,2,1120,1680,1680,0.333333333,1848,1848
827,4987040055305,☆改源かぜカプセル　３０Ｐ,,2,672,1008,1008,0.333333333,1108.8,1108
826,4987040055220,☆改源　６０Ｈ,,2,1595,2392.5,2392,0.333333333,2631.2,2631
825,4987040055213,☆改源２６包,,2,825,1237.5,1237,0.333333333,1360.7,1360
111,4987040055206,☆改源　９Ｈ,,2,385,577.5,577,0.333333333,634.7,634
824,4987040052687,☆カイゲン感冒カプセル　プラス　３６Ｐ,,2,700,1050,1050,0.333333333,1155,1155
823,4987040052670,☆カイゲン感冒カプセル　プラス　２４Ｐ,,2,525,787.5,787,0.333333333,865.7,865
822,4987037528119,奥田胃腸薬散１２０ｇ,,3,870,1305,1305,0.333333333,1435.5,1435
110,4987037518134,奥田胃腸薬４００錠,,3,1914,2871,2871,0.333333333,3158.1,3158
109,4987036521135,サンベアーズサンタンローション１００ｍｌ,,0,320,480,480,0.333333333,528,528
108,4987036455881,メンターム薬用プロモハンドＳ５０ｍｌ,,0,360,540,540,0.333333333,594,594
821,4987036455744,メンターム薬用ＡＰクリーム９０ｇ,,0,600,900,900,0.333333333,990,990
820,4987036455317,アローバ薬用スキンクリーム　１８５ｇ,,0,630,945,945,0.333333333,1039.5,1039
107,4987036453658,メンタームワセリン６０ｇ,,0,274,411,411,0.333333333,452.1,452
819,4987036171149,メンタームメディカルリップバームＭ,,0,446,669,669,0.333333333,735.9,735
818,4987036163069,メンタームＨＡαクリーム　２０ｇ,,4,594,891,891,0.333333333,980.1,980
106,4987036162314,メンタームＵ２０クリーム　９０ｇ,,4,480,720,720,0.333333333,792,792
105,4987036161959,☆メンタームＵＦオイル１０ｍｌ,,3,540,810,810,0.333333333,891,891
817,4987036161713,ＥＸソフトＨクリーム　４０ｇ,,0,600,900,900,0.333333333,990,990
816,4987036161409,メンタームＥＸソフト９０ｇ,,3,480,720,720,0.333333333,792,792
815,4987036161317,メンタームＥＸプラスクリーム１５０ｇ,,3,756,1134,1134,0.333333333,1247.4,1247
814,4987036161218,メンタームＥＸローション　１００ｍｌ,,3,621,931.5,931,0.333333333,1024.1,1024
813,4987036161119,メンタームＥＸプラスクリーム９０ｇ,,3,480,720,720,0.333333333,792,792
104,4987036153312,ベクニスドラッジェ１４０錠　ＪＶＦ,,2,2563,3844.5,3844,0.333333333,4228.4,4228
103,4987036153213,ベクニスドラッジェ９０錠　ＪＶＦ,,2,1709,2563.5,2563,0.333333333,2819.3,2819
811,4987036152216,ベクニスハーブ１６０ｇ　ＪＶＦ,,2,3150,4725,4725,0.333333333,5197.5,5197
810,4987036152117,ベクニスハーブ８０ｇ　ＪＶＦ,,2,1705,2557.5,2557,0.333333333,2812.7,2812
809,4987036141111,メンタームアクネローション１１０ｍｌ,,3,407,610.5,610,0.333333333,671,671
102,4987036132935,☆メンタームペンソールＡ５０ｍｌ,,3,385,577.5,577,0.333333333,634.7,634
101,4987036132812,メンタームペンソールＳＰ５５ｍｌ,,2,310,465,465,0.333333333,511.5,511
808,4987036132454,メンタームペンソールＨ７０ｍｌ,,3,400,600,600,0.333333333,660,660
807,4987036132348,メンタームペンソールＨ４０ｍｌ,,3,280,420,420,0.333333333,462,462
100,4987036123148,☆メンタームＱ軟膏（業務用）　４３０ｇ,,4,1376,2064,2064,0.333333333,2270.4,2270
99,4987036122158,☆メンタームＱ軟膏６５ｇ,,4,296,444,444,0.333333333,488.4,488
98,4987036115310,メンターム　４０ｇ,,4,222,333,333,0.333333333,366.3,366
97,4987036112241,メンターム１５ｇ,,4,111,166.5,166,0.333333333,182.6,182
96,4987035566113,オロナインＨ軟膏１１ｇ,,3,195,292.5,292,0.333333333,321.2,321
95,4987035267317,ネイチャーメイド葉酸１５０粒,,0,408,612,612,0.333333333,673.2,673
806,4987035264712,ネイチャーメイドルテイン６０粒,,0,1176,1764,1764,0.333333333,1940.4,1940
805,4987035148210,新サラリン９０錠,,2,1080,1620,1620,0.333333333,1782,1782
804,4987035148111,新サラリン３０錠,,2,420,630,630,0.333333333,693,693
803,4987035099710,オロナインＨ軟膏チューブ５０ｇ,,3,390,585,585,0.333333333,643.5,643
802,4987035088318,オロナインＨ軟膏　２５０ｇ,,3,1116,1674,1674,0.333333333,1841.4,1841
94,4987035085713,オロナインＨ軟膏１００ｇ,,3,544,816,816,0.333333333,897.6,897
93,4987035085614,オロナインＨ軟膏３０ｇ,,3,264,396,396,0.333333333,435.6,435
801,4987033904030,太田胃散２１０ｇ,,3,1092,1638,1638,0.333333333,1801.8,1801
800,4987033904023,太田胃散１４０ｇ,,3,780,1170,1170,0.333333333,1287,1287
799,4987033904016,太田胃散７５ｇ,,3,442,663,663,0.333333333,729.3,729
798,4987033811116,太田胃散Ａ錠剤３００錠,,3,1528,2292,2292,0.333333333,2521.2,2521
797,4987033811055,太田胃散Ａ錠剤１２０錠,,3,804,1206,1206,0.333333333,1326.6,1326
796,4987033703077,太田胃散整腸薬３７０錠,,4,1742,2613,2613,0.333333333,2874.3,2874
795,4987033703060,太田胃散整腸薬１６０錠,,4,897,1345.5,1345,0.333333333,1479.5,1479
794,4987033602103,太田漢方胃腸薬２　５４錠,,3,588,882,882,0.333333333,970.2,970
793,4987033602097,太田漢方胃腸薬２　３４包,,3,1320,1980,1980,0.333333333,2178,2178
792,4987033602080,太田漢方胃腸薬２　１４包,,3,588,882,882,0.333333333,970.2,970
791,4987033409061,太田胃散分包４８包,,3,1027,1540.5,1540,0.333333333,1694,1694
790,4987033409054,太田胃散分包３２包,,3,728,1092,1092,0.333333333,1201.2,1201
789,4987033409047,太田胃散分包１６包,,3,384,576,576,0.333333333,633.6,633
788,4987033209135,太田胃散Ａ錠剤４５錠,,3,456,684,684,0.333333333,752.4,752
787,4987033000466,太田胃散チュアブルＮＥＯ　１８錠,,0,340,510,510,0.333333333,561,561
784,4987033000428,太田漢方胃腸薬Ⅱ錠剤　１２０錠,,3,1116,1674,1674,0.333333333,1841.4,1841
783,4987033000077,ロコフィットＧＬ２６０錠,,3,2392,3588,3588,0.333333333,3946.8,3946
782,4987033000060,ロコフィットＧＬ　１２０錠,,3,1287,1930.5,1930,0.333333333,2123,2123
92,4987030180345,トリブラサイム６錠,,2,384,576,576,0.333333333,633.6,633
780,4987030130272,パパーゼリーＡＤプラス１２０粒,,2,891,1336.5,1336,0.333333333,1469.6,1469
779,4987028179207,イータック抗菌化ウェットシートアルコール１０枚,,0,117,175.5,175,0.333333333,192.5,192
778,4987028178941,イータック抗菌化スプレーαつめかえ用　２００ｍｌ,,0,572,858,858,0.333333333,943.8,943
777,4987028178934,イータック抗菌化スプレーα２５０ｍｌ,,0,832,1248,1248,0.333333333,1372.8,1372
776,4987028178903,イータック抗菌化ウエットシート６０枚,,0,429,643.5,643,0.333333333,707.3,707
775,4987028178873,イータック抗菌化ウエットシート１０枚,,0,117,175.5,175,0.333333333,192.5,192
91,4987028178736,イータック抗菌化スプレー２０ｍｌ,,0,680,1020,1020,0.333333333,1122,1122
774,4987028178620,サクロンＳ３４包,,3,1588,2382,2382,0.333333333,2620.2,2620
773,4987028178460,☆ユビテンＳ９０錠,,4,3020,4530,4530,0.333333333,4983,4983
772,4987028147459,☆ナボリンＳ　２１錠,,4,1097,1645.5,1645,0.333333333,1809.5,1809
771,4987028147008,☆ナボリンＳ９０錠,,4,3375,5062.5,5062,0.333333333,5568.2,5568
770,4987028146643,☆新ナボリンＳ　１８０錠,,4,6272,9408,9408,0.333333333,10348.8,10348
769,4987028146605,☆新ナボリンＳ　４０錠,,4,1986,2979,2979,0.333333333,3276.9,3276
768,4987028146476,☆ナボリンＥＢ錠１２０錠,,4,3783,5674.5,5674,0.333333333,6241.4,6241
767,4987028146469,☆ナボリンＥＢ錠４５錠,,4,1565,2347.5,2347,0.333333333,2581.7,2581
766,4987028146209,遠志の恵み８４錠,,4,2502,3753,3753,0.333333333,4128.3,4128
765,4987028146193,遠志の恵み３０錠,,4,938,1407,1407,0.333333333,1547.7,1547
764,4987028145134,リンスキンＬ４０包,,0,460,690,690,0.333333333,759,759
763,4987028145127,リンスキンＬ２０包,,0,251,376.5,376,0.333333333,413.6,413
762,4987028137696,ユベラックス２４０カプセル,,4,6446,9669,9669,0.333333333,10635.9,10635
90,4987028132394,カーフェソフト錠１６錠,,4,275,412.5,412,0.333333333,453.2,453
89,4987028129448,サクロフィール錠５０錠,,4,686,1029,1029,0.333333333,1131.9,1131
88,4987028129431,サクロフィール錠１２錠,,4,231,346.5,346,0.333333333,380.6,380
761,4987028125167,新チョコラＢＢピュア　１７０錠,,4,1977,2965.5,2965,0.333333333,3261.5,3261
760,4987028125143,新チョコラＢＢピュア　８０錠,,4,1136,1704,1704,0.333333333,1874.4,1874
759,4987028125136,新チョコラＢＢピュア　４０錠,,4,629,943.5,943,0.333333333,1037.3,1037
758,4987028124153,チョコラＢＢルーセントＣ１８０錠,,4,2578,3867,3867,0.333333333,4253.7,4253
757,4987028124047,チョコラＢＢルーセントＣ１２０錠,,4,1930,2895,2895,0.333333333,3184.5,3184
756,4987028123668,チョコラＢＢプラス２５０錠,,4,2980,4470,4470,0.333333333,4917,4917
755,4987028123385,チョコラＢＢプラス１２０錠,,4,1583,2374.5,2374,0.333333333,2611.4,2611
754,4987028123101,チョコラＢＢジュニア８０錠,,4,900,1350,1350,0.333333333,1485,1485
753,4987028120315,チョコラＡＤ５０カプセル,,2,806,1209,1209,0.333333333,1329.9,1329
752,4987028116158,チョコラＢＢ口内炎リペアショット３０ｍｌ,,4,686,1029,1029,0.333333333,1131.9,1131
751,4987028115496,チョコラＢＢローヤルＴ１６８錠,,4,2318,3477,3477,0.333333333,3824.7,3824
750,4987028115489,チョコラＢＢローヤルＴ１１２錠,,4,1701,2551.5,2551,0.333333333,2806.1,2806
749,4987028115472,チョコラＢＢローヤルＴ５６錠,,4,947,1420.5,1420,0.333333333,1562,1562
748,4987028115298,サクロン錠９６錠,,3,1164,1746,1746,0.333333333,1920.6,1920
747,4987028115281,サクロン錠４０錠,,3,588,882,882,0.333333333,970.2,970
87,4987028115083,サクロン３２包,,3,1698,2547,2547,0.333333333,2801.7,2801
746,4987028115076,サクロン２０包,,3,1116,1674,1674,0.333333333,1841.4,1841
745,4987028115069,サクロン１０包,,3,588,882,882,0.333333333,970.2,970
744,4987028114963,☆新セルベール整胃プレミアム錠　７２錠,,3,1755,2632.5,2632,0.333333333,2895.2,2895
743,4987028114925,☆新セルベール整胃プレミアム錠　３６錠,,3,1170,1755,1755,0.333333333,1930.5,1930
742,4987028114918,☆新セルベール整胃プレミアム錠　１８錠,,3,618,927,927,0.333333333,1019.7,1019
741,4987028114765,☆新セルベール整胃プレミアム細粒　２４包,,3,1268,1902,1902,0.333333333,2092.2,2092
740,4987028114758,☆新セルベール整胃プレミアム細粒　１２包,,3,650,975,975,0.333333333,1072.5,1072
739,4987028114291,☆セルベール整胃錠４５錠,,3,1183,1774.5,1774,0.333333333,1951.4,1951
738,4987028114284,☆セルベール整胃錠２１錠,,3,568,852,852,0.333333333,937.2,937
737,4987028114260,☆セルベール２７包,,3,1183,1774.5,1774,0.333333333,1951.4,1951
736,4987028114246,☆セルベール１２包,,3,568,852,852,0.333333333,937.2,937
735,4987028114192,☆セルベール整胃錠１２錠（分包）,,3,410,615,615,0.333333333,676.5,676
86,4987028113560,ザーネメディカルクリーム　２５ｇ,,3,390,585,585,0.333333333,643.5,643
85,4987028113539,ザーネメディカルスプレー　１００ｇ,,3,1170,1755,1755,0.333333333,1930.5,1930
84,4987028110668,トラベルミンチュロップレモン味６錠,,3,308,462,462,0.333333333,508.2,508
83,4987028110651,トラベルミンチュロップぶどう味６錠,,3,308,462,462,0.333333333,508.2,508
82,4987028110620,トラベルミンワン３錠,,3,512,768,768,0.333333333,844.8,844
81,4987028110583,トラベルミンＲ６錠,,3,600,900,900,0.333333333,990,990
80,4987028110569,トラベルミンジュニア６錠,,3,288,432,432,0.333333333,475.2,475
734,4987028110552,トラベルミン６錠,,3,360,540,540,0.333333333,594,594
79,4987028110521,トラベルミンファミリー６錠,,3,480,720,720,0.333333333,792,792
78,4987028106456,☆アストフィリンＳ４５錠,,2,1106,1659,1659,0.333333333,1824.9,1824
733,4987028105688,☆サクロンＱ１２錠,,3,738,1107,1107,0.333333333,1217.7,1217
732,4987028105671,☆サクロンＱ６錠,,3,391,586.5,586,0.333333333,644.6,644
731,4987028105077,ユベラＣソフト１９２包,,4,3349,5023.5,5023,0.333333333,5525.3,5525
77,4987024981880,☆宇津こどもせき止め１２包,,2,470,705,705,0.333333333,775.5,775
76,4987024851855,宇津救命丸２４７粒,,3,1197,1795.5,1795,0.333333333,1974.5,1974
730,4987024851404,宇津救命丸金粒１０３粒,,3,905,1357.5,1357,0.333333333,1492.7,1492
75,4987024131926,宇津救命丸糖衣１５０粒,,4,853,1279.5,1279,0.333333333,1406.9,1406
74,4987024113083,☆宇津こどもかぜ薬ＡⅡ１２包,,2,448,672,672,0.333333333,739.2,739
728,4987023281950,☆後藤散かぜ薬顆粒１２包,,2,651,976.5,976,0.333333333,1073.6,1073
73,4987023281936,☆後藤散かぜ薬顆粒２４包,,2,1085,1627.5,1627,0.333333333,1789.7,1789
72,4987014041600,ウット１２錠,,2,747,1120.5,1120,0.333333333,1232,1232
726,4987009157330,ＰＩＴＴＡマスク　パステル　３枚,,0,332,498,498,0.333333333,547.8,547
725,4987009157323,ＰＩＴＴＡマスク　カーキー　３枚,,0,332,498,498,0.333333333,547.8,547
71,4987009157316,ＰＩＴＴＡマスク　ネイビー　３枚,,0,332,498,498,0.333333333,547.8,547
70,4987009157293,ＰＩＴＴＡマスクレギュラー　グレー３枚,,0,332,498,498,0.333333333,547.8,547
69,4987009157286,ＰＩＴＴＡマスクレギュラー　ホワイト　３枚,,0,332,498,498,0.333333333,547.8,547
68,4987009141483,カイベールＣ２４０錠,,2,1260,1890,1890,0.333333333,2079,2079
67,4987009141346,カイベールＣ１４４錠,,2,792,1188,1188,0.333333333,1306.8,1306
66,4987009141339,カイベールＣ９６錠,,2,540,810,810,0.333333333,891,891
65,4987009141322,カイベールＣ４８錠,,2,288,432,432,0.333333333,475.2,475
64,4987009126152,☆ハイタミン錠２０錠,,2,360,540,540,0.333333333,594,594
724,4987009121225,カフェクール５００　１２包,,4,588,882,882,0.333333333,970.2,970
723,4987009111615,☆ノーシンアイ頭痛薬２４錠,,2,323,484.5,484,0.333333333,532.4,532
722,4987009111042,☆ノーシンピュア８４錠,,2,1008,1512,1512,0.333333333,1663.2,1663
720,4976652012134,ファイングリシン３０００＆テニアン２００　３０包,,0,1236,1854,1854,0.333333333,2039.4,2039
63,4975479456923,オムロン妊娠検査薬クリアブルー２回用,,3,445,667.5,667,0.333333333,733.7,733
719,4975175011716,コサジンガーグルポンプ式３００ｍｌ,,4,495,742.5,742,0.333333333,816.2,816
62,4974234619337,サガミオリジナル００２　２０個入,,0,1815,2722.5,2722,0.333333333,2994.2,2994
61,4974234619320,サガミオリジナル００２　２Ｐ,,0,193,289.5,289,0.333333333,317.9,317
60,4974234619245,相模ゴムサガミオリジナル００１　５個入,,0,660,990,990,0.333333333,1089,1089
59,4974234619221,サガミオリジナル００２Ｌ１０個入,,0,935,1402.5,1402,0.333333333,1542.2,1542
58,4974234619214,サガミオリジナル００２　１０個入,,0,935,1402.5,1402,0.333333333,1542.2,1542
57,4974234619207,サガミオリジナル００２　５Ｐ,,0,468,702,702,0.333333333,772.2,772
56,4974234021079,サガミバキューム密着コンドーム,,0,420,630,630,0.333333333,693,693
712,4973512263637,ハンドラボ薬用泡ハンドソープ詰替２５０ｍｌ,,0,178,267,267,0.333333333,293.7,293
711,4973512263620,ハンドラボ薬用泡ハンドソープ３００ｍｌ,,0,258,387,387,0.333333333,425.7,425
710,4973512260001,ハンドラボ手指消毒スプレーＶＨ携帯用３０ｍｌ,,0,325,487.5,487,0.333333333,535.7,535
709,4973512259999,ハンドラボ手指消毒ハンドジェルＶＳ３００ｍｌ,,0,455,682.5,682,0.333333333,750.2,750
708,4973512259982,ハンドラボ手指消毒スプレーＶＨ３００ｍｌ,,0,455,682.5,682,0.333333333,750.2,750
707,4973512259937,ハンドラボ手指消毒ハンドジェルＶＳ４０ｍｌ,,0,227,340.5,340,0.333333333,374,374
55,4970520416123,オカモトマリーゴールドフィットネス手袋Ｌ,,0,182,273,273,0.333333333,300.3,300
54,4970520416116,オカモトマリーゴールドフィットネス手袋Ｍ,,0,182,273,273,0.333333333,300.3,300
53,4970520232358,オカモトゼロゼロスリー２０００,,0,800,1200,1200,0.333333333,1320,1320
52,4970520231177,オカモトジェルドーム１０００　１２個,,0,350,525,525,0.333333333,577.5,577
705,4969080000057,フジイ陀羅尼助丸　４２００粒,,4,3250,4875,4875,0.333333333,5362.5,5362
704,4969080000033,フジイ陀羅尼助丸２０錠×７８包,,4,1959,2938.5,2938,0.333333333,3231.8,3231
703,4969080000026,フジイ陀羅尼助丸１９８０粒,,4,1625,2437.5,2437,0.333333333,2680.7,2680
695,4961308117042,レニューリフレッシュモイスト１５ｍｌ,,4,482,723,723,0.333333333,795.3,795
50,4956124000302,ヒメロス３ｇ,,2,1750,2625,2625,0.333333333,2887.5,2887
691,4954007801121,オゾ７２ｇ,,4,960,1440,1440,0.333333333,1584,1584
49,4954007801114,オゾ２６ｇ,,4,588,882,882,0.333333333,970.2,970
48,4950055501242,ティアーレＷ０．５ｍＬ×３０本,,4,349,523.5,523,0.333333333,575.3,575
690,4950055501136,ティアーレ抗菌目薬０．５ｍｌ×１８本,,3,500,750,750,0.333333333,825,825
47,4950055103774,アクティバタブレットミニ１０錠,,0,410,615,615,0.333333333,676.5,676
45,4946842637812,エビオス錠パウチ３００錠,,0,385,577.5,577,0.333333333,634.7,634
42,4946842100033,エビオス錠６００錠,,0,609,913.5,913,0.333333333,1004.3,1004
682,4909585001029,Ｎルーメア　９６錠,,2,810,1215,1215,0.333333333,1336.5,1336
681,4909585001012,ルーメア４８錠,,2,436,654,654,0.333333333,719.4,719
680,4909585000954,☆フィーメリナクール２０ｇ,,3,380,570,570,0.333333333,627,627
675,4906156100280,クレアラシルクリーム肌色タイプ２８ｇ,,3,1089,1633.5,1633,0.333333333,1796.3,1796
41,4906156100273,クレアラシルクリーム肌色タイプ１８ｇ,,3,759,1138.5,1138,0.333333333,1251.8,1251
674,4906156100266,クレアラシルクリームレギュラー２８ｇ,,3,1089,1633.5,1633,0.333333333,1796.3,1796
673,4906156100259,クレアラシルクリームレギュラー１８ｇ,,3,759,1138.5,1138,0.333333333,1251.8,1251
672,4904785630215,タニタ電子塩分計しおみくんＳＯー３０２ＷＨ,,0,1875,2812.5,2812,0.333333333,3093.2,3093
671,4903301818670,☆小児用バファリンチュアブル１２錠,,3,423,634.5,634,0.333333333,697.4,697
670,4903301446699,☆小児用バファリンＣ２　１６錠,,3,315,472.5,472,0.333333333,519.2,519
669,4903301446682,☆小児用バファリンＣ２　３２錠,,3,587,880.5,880,0.333333333,968,968
668,4903301446675,☆小児用バファリンＣ２　４８錠,,3,794,1191,1191,0.333333333,1310.1,1310
667,4903301442653,トメルミン１２Ｔ,,4,696,1044,1044,0.333333333,1148.4,1148
40,4903301426202,スマイルコンタクトファインフィット５ｍｌ×２部外,,0,400,600,600,0.333333333,660,660
666,4903301327264,フェルゼアプレミアム　ＨＰバーム　１０ｇ,,3,686,1029,1029,0.333333333,1131.9,1131
665,4903301327240,フェルゼアプレミアム　ＨＰクリーム　３０ｇ,,3,896,1344,1344,0.333333333,1478.4,1478
664,4903301319382,☆メソッドＵＦクリーム１２Ｇ,,3,768,1152,1152,0.333333333,1267.2,1267
663,4903301319375,☆メソッドシート７Ｈ,,4,420,630,630,0.333333333,693,693
660,4903301303572,☆バファリンプレミアムＤＸ　２０錠,,2,680,1020,1020,0.333333333,1122,1122
659,4903301282198,キレイキレイ泡ＨＳシトラスＦ詰替特大８００ｍｌ,,0,500,750,750,0.333333333,825,825
658,4903301282075,ルックＰバスタブクレンジングシトラス替８００ｍｌ,,0,258,387,387,0.333333333,425.7,425
657,4903301276326,スクラートＧ１２包,,3,1052,1578,1578,0.333333333,1735.8,1735
656,4903301271994,☆バファリンプレミアム６０錠,,2,1247,1870.5,1870,0.333333333,2057,2057
39,4903301269526,☆バファリンライト　２０錠,,2,423,634.5,634,0.333333333,697.4,697
655,4903301269519,スマイルコンタクトＥＸひとみリペアクール１３ｍｌ,,4,350,525,525,0.333333333,577.5,577
654,4903301269502,スマイルコンタクトＥＸひとみリペアマイルド１３Ｍ,,4,350,525,525,0.333333333,577.5,577
653,4903301261117,スクラートＧ６包,,3,561,841.5,841,0.333333333,925.1,925
652,4903301241447,クリニカＡＤハミガキシトラスミントタテ型１３０ｇ,,0,249,373.5,373,0.333333333,410.3,410
38,4903301190936,☆バファリンプレミアム４０錠,,2,995,1492.5,1492,0.333333333,1641.2,1641
37,4903301190929,☆バファリンプレミアム２０錠,,2,617,925.5,925,0.333333333,1017.5,1017
651,4903301180371,パラデントエース４０ｇ,,4,359,538.5,538,0.333333333,591.8,591
650,4903301177272,スクラート胃腸薬Ｓ散剤３４包,,3,1230,1845,1845,0.333333333,2029.5,2029
649,4903301177265,スクラート胃腸薬Ｓ散剤１２包,,3,591,886.5,886,0.333333333,974.6,974
648,4903301177203,スクラート胃腸薬顆粒３４包,,3,1230,1845,1845,0.333333333,2029.5,2029
647,4903301177197,スクラート胃腸薬顆粒１２包,,3,591,886.5,886,0.333333333,974.6,974
36,4903301177128,小中学生用ストッパ下痢止めＥＸ１２錠,,3,583,874.5,874,0.333333333,961.4,961
35,4903301177104,ストッパエル下痢止めＥＸ１２錠,,3,583,874.5,874,0.333333333,961.4,961
646,4903301170044,ペア漢方エキス錠２４０錠,,3,2520,3780,3780,0.333333333,4158,4158
645,4903301170037,ペア漢方エキス錠１１２錠,,3,1308,1962,1962,0.333333333,2158.2,2158
644,4903301170020,ペアアクネリキッド治療薬１２０ｍｌ,,3,888,1332,1332,0.333333333,1465.2,1465
643,4903301169710,☆バファリンルナｉ６０錠,,2,897,1345.5,1345,0.333333333,1479.5,1479
34,4903301169703,☆バファリンルナｉ４０錠,,2,702,1053,1053,0.333333333,1158.3,1158
642,4903301169697,☆バファリンルナｉ２０錠,,2,423,634.5,634,0.333333333,697.4,697
641,4903301138525,休足時間足すっきりシート１８枚,,0,631,946.5,946,0.333333333,1040.6,1040
640,4903301138471,休足時間ツボ刺激ジェルシート１２枚,,0,488,732,732,0.333333333,805.2,805
639,4903301068839,キュウソクシ゛カンカカトフ゜ルフ゜ルシ゛ェルシー,,0,465,697.5,697,0.333333333,766.7,766
638,4903301068815,休足時間かかとつるつるジェル１００ｇ,,0,465,697.5,697,0.333333333,766.7,766
637,4903111526161,超立体マスク大きめ３０枚,,0,870,1305,1305,0.333333333,1435.5,1435
636,4903111526000,超立体マスクふつう３０枚,,0,870,1305,1305,0.333333333,1435.5,1435
635,4903111525683,超立体マスク小さめ３０枚,,0,870,1305,1305,0.333333333,1435.5,1435
633,4902806451917,ルシードヘアスプレースーパーハード１８０ｇ,,0,630,945,945,0.333333333,1039.5,1039
33,4902510180073,ＳＫＹＮオリジナルアイアール１０個,,0,720,1080,1080,0.333333333,1188,1188
630,4902508120814,ミルクポン１０５０ｍｌ,,3,748,1122,1122,0.333333333,1234.2,1234
32,4902430832144,ジョイジェルタブ５４Ｐ,,0,870,1305,1305,0.333333333,1435.5,1435
629,4902430645683,さらさ柔軟剤詰替通常４４０ｍｌ,,0,245,367.5,367,0.333333333,403.7,403
628,4902430645508,さらさ柔軟剤詰替超特大１２５０ｍｌ,,0,665,997.5,997,0.333333333,1096.7,1096
627,4902424445671,マスクでブロック２０ｍｌ,,0,588,882,882,0.333333333,970.2,970
626,4902424445664,Ｐウイルシャット衣類用３００ｍｌ,,0,608,912,912,0.333333333,1003.2,1003
625,4902424445633,アルコール消毒ＰＷＳ手指用つけかえ用　４００ＭＬ,,0,360,540,540,0.333333333,594,594
624,4902424445626,アルコール消毒Ｐウイルシャット手指用　４００ＭＬ,,0,432,648,648,0.333333333,712.8,712
623,4902424445619,ウイルス花粉イオンでＢミスト３００カイ９５ＭＬ,,0,909,1363.5,1363,0.333333333,1499.3,1499
622,4902424445602,ウイルス花粉イオンでＢミスト１６０カイ６５ＭＬ,,0,600,900,900,0.333333333,990,990
621,4902424445046,フマキラーコバエ超激取れキューブ２個入,,0,651,976.5,976,0.333333333,1073.6,1073
620,4902424445022,ハチ超激取れ１個入,,0,505,757.5,757,0.333333333,832.7,832
617,4902424440645,アレルシャット夜ぐっすり朝すっきりミスト１５０ｍ,,0,777,1165.5,1165,0.333333333,1281.5,1281
616,4902424440324,ゴキブリワンプッシュプロ２０ｍｌ,,0,637,955.5,955,0.333333333,1050.5,1050
615,4902424439533,天使のスキンベープ２００ｍｌ,,0,368,552,552,0.333333333,607.2,607
610,4902424431414,花粉鼻でブロックミント３０日分,,0,628,942,942,0.333333333,1036.2,1036
31,4902424431391,花粉鼻でブロック３０日分,,0,628,942,942,0.333333333,1036.2,1036
605,4902124025159,ノーベルＶＣ３０００のど飴９０ｇ,,0,140,210,210,0.333333333,231,231
601,4901957215065,７ＤＡＹＳマスクＥＸプラス３０枚大きめ,,0,375,562.5,562,0.333333333,618.2,618
579,4901730160087,リステリンクールミントゼロ１００ｍｌ,,0,154,231,231,0.333333333,254.1,254
30,4901730120012,バンドエイドキズパワーパッド水仕事用１０枚,,0,536,804,804,0.333333333,884.4,884
578,4901730110167,ＪＪスージングＮベビーうるおい全身ＳＰ泡５００ｍ,,0,628,942,942,0.333333333,1036.2,1036
577,4901730090889,キズパワーパッド靴ずれ用６枚,,0,536,804,804,0.333333333,884.4,884
576,4901727601128,ファンデュープラスＲ　ＵＶＣファンデーション１１,,0,756,1134,1134,0.333333333,1247.4,1247
575,4901548601215,血流改善腰ホットン１０枚,,0,564,846,846,0.333333333,930.6,930
574,4901548601208,血流改善腰ホットン５枚,,0,282,423,423,0.333333333,465.3,465
573,4901548601192,血流改善肩ホットン８枚,,0,564,846,846,0.333333333,930.6,930
572,4901548601185,血流改善肩ホットン４枚,,0,282,423,423,0.333333333,465.3,465
570,4901548401754,不思議なくつ下つま先インナーソックスＢＫ,,0,345,517.5,517,0.333333333,568.7,568
569,4901548401730,足の冷えない不思議なくつ下Ｒソックス超薄黒２３ｃ,,0,910,1365,1365,0.333333333,1501.5,1501
29,4901301384621,めぐリズム蒸気でホットアイマスク森林浴１２枚,,0,700,1050,1050,0.333333333,1155,1155
28,4901301378101,エマールリフレッシュグリーン詰替９００ｍｌ,,0,425,637.5,637,0.333333333,700.7,700
27,4901301348098,めぐりズム蒸気でホットアイマスクローズ１２枚,,0,700,1050,1050,0.333333333,1155,1155
26,4901301348067,めぐりズム蒸気でホットアイマスクカモミール１２枚,,0,700,1050,1050,0.333333333,1155,1155
25,4901301348043,めぐりズム蒸気でホットアイマスクラベンダー１２枚,,0,700,1050,1050,0.333333333,1155,1155
24,4901301348036,めぐりズム蒸気でホットアイマスク完熟ゆず１２枚,,0,700,1050,1050,0.333333333,1155,1155
23,4901301311887,トイレクイックル消臭ストロング詰替２０枚,,0,350,525,525,0.333333333,577.5,577
22,4901301307231,ニベアクリームケアＢＷＥソープ詰替３６０ｍｌ,,0,288,432,432,0.333333333,475.2,475
21,4901301289605,ワイドハイターＥＸパワー詰替４８０ｍｌ,,0,177,265.5,265,0.333333333,291.5,291
20,4901301233424,トイレクイックル詰替ジャンボパック２０枚,,0,355,532.5,532,0.333333333,585.2,585
565,4901180010475,ももの花乾燥皮フクリームＣ７０ｇ,,0,462,693,693,0.333333333,762.3,762
564,4901180010321,ももの花フットクリーム７０ｇ,,0,462,693,693,0.333333333,762.3,762
563,4901180010123,ももの花ハンドクリーム７０ｇ,,0,462,693,693,0.333333333,762.3,762
562,4901080851611,バポナうじスティックＳ４０ｇ×４,,3,545,817.5,817,0.333333333,898.7,898
559,4901080586810,アレルブロックウイルスピンポイントクリア１００Ｍ,,0,533,799.5,799,0.333333333,878.9,878
556,4901080578112,花粉ガードスプレーＦＯＲＭＥＮ７５ｍｌ,,0,565,847.5,847,0.333333333,931.7,931
555,4901080577115,衣類防虫ケアｎａｔｕｖｏクローゼット用３個入,,0,505,757.5,757,0.333333333,832.7,832
554,4901080577016,アレルブロックおやすミントスプレー６０ｍｌ,,0,565,847.5,847,0.333333333,931.7,931
553,4901080576910,アレルブロック花粉ガードスプレーモイスト７５ｍｌ,,0,565,847.5,847,0.333333333,931.7,931
552,4901080576811,ＳＮＯＯＰＹピレパラアースクローゼット用１０個,,0,490,735,735,0.333333333,808.5,808
551,4901080576712,ＳＮＯＯＰＹピレパラアース引出用４８個,,0,490,735,735,0.333333333,808.5,808
550,4901080576316,アレルブロック花粉ガードスプレー７５ｍｌ,,0,565,847.5,847,0.333333333,931.7,931
549,4901080310613,アレルブロックマスクウイルス・菌クリア＆Ｇ２０ｍ,,0,555,832.5,832,0.333333333,915.2,915
548,4901080284310,アースガーデン強力デスモア３０ｇ×８個,,0,490,735,735,0.333333333,808.5,808
547,4901080281517,オールスタースプレー１０００ｍｌ,,0,610,915,915,0.333333333,1006.5,1006
545,4901080280916,コバエがホイホイ２個,,0,700,1050,1050,0.333333333,1155,1155
19,4901080207913,ブラックキャップ屋外用８個,,0,395,592.5,592,0.333333333,651.2,651
544,4901080206213,ブラックキャップ１２個,,0,470,705,705,0.333333333,775.5,775
543,4901080192615,バポナ虫よけパール２６０日用無香性,,0,460,690,690,0.333333333,759,759
542,4901080124517,アースノーマットＷリビング用替６０日用無香料２本,,0,1240,1860,1860,0.333333333,2046,2046
541,4901080121011,アースノーマット替無香料９０日用Ｘ２Ｐ,,0,1428,2142,2142,0.333333333,2356.2,2356
540,4901080082015,ＡＢ全身まるごとウイルス・菌　１日ガード　７５ｍ,,0,545,817.5,817,0.333333333,898.7,898
538,4582178200520,インクリア１０本　ＪＶＦ,,0,1620,2430,2430,0.333333333,2673,2673
537,4582178200506,インクリア３本　ＪＶＦ,,0,540,810,810,0.333333333,891,891
536,4580543940163,水ではじめるバルサンプロＥＸ６－８畳×３個,,3,1848,2772,2772,0.333333333,3049.2,3049
535,4580543940125,水ではじめるバルサン６－８畳用×３,,3,1470,2205,2205,0.333333333,2425.5,2425
534,4580543940095,バルサンプロＥＸ１２－１６畳用４０ｇ,,3,966,1449,1449,0.333333333,1593.9,1593
526,4562193141336,おとなの肝油ドロップ１２０粒,,0,962,1443,1443,0.333333333,1587.3,1587
17,4548514515406,モウガＬ　モルティ薬用育毛ローション１８０ｇ,,0,642,963,963,0.333333333,1059.3,1059
16,4547691801142,オカモトピュアマーガレットエクストラゼリー,,0,350,525,525,0.333333333,577.5,577
15,4547691801135,オカモトピュアマーガレットホットゼリー,,0,350,525,525,0.333333333,577.5,577
14,4547691796295,オカモト　プレミアムゼロゼロスリービバジェル,,0,1000,1500,1500,0.333333333,1650,1650
13,4547691788290,オカモト　ゼロツーアソート,,0,1000,1500,1500,0.333333333,1650,1650
12,4547691734242,オカモトリラックマ２０１３ほっとゼリー１０個,,0,390,585,585,0.333333333,643.5,643
11,4547691719270,オカモトゼロゼロスリーＬサイズ１０個入,,0,720,1080,1080,0.333333333,1188,1188
10,4547691689597,ゼロゼロスリースムース１０個入り,,0,800,1200,1200,0.333333333,1320,1320
9,4547691228628,オカモトゴクアツ,,0,525,787.5,787,0.333333333,865.7,865
8,4547691228611,オカモト　スーパービッグボーイ,,0,700,1050,1050,0.333333333,1155,1155
502,4516212961214,カルシウムウエハース４種詰め合わせ１８枚,,0,205,307.5,307,0.333333333,337.7,337
499,4513930010514,オリール浣腸　４０ｇ×１０個　ＪＶＰ,,3,278,417,417,0.333333333,458.7,458
498,4513930010439,オリール浣腸　３０ｇ×１０個　ＪＶＰ,,3,242,363,363,0.333333333,399.3,399
497,4513930010422,オリール浣腸　３０ｇ×５個　ＪＶＰ,,3,128,192,192,0.333333333,211.2,211
496,4513930010415,オリール浣腸　３０ｇ×２個　ＪＶＰ,,3,53,79.5,79,0.333333333,86.9,86
706,49701098,☆サリドンエース３２錠,,2,693,1039.5,1039,0.333333333,1142.9,1142
699,49635218,ハイシーＬケース付４０錠,,4,1006,1509,1509,0.333333333,1659.9,1659
694,49608724,手ピカジェルプラス６０ｍｌ,,0,330,495,495,0.333333333,544.5,544
3,49418644,ピロエースＷクリーム１５ｇ,,3,792,1188,1188,0.333333333,1306.8,1306
687,49232752,手ピカジェルお出かけホルダー付（ピンク）６０ｍｌ,,0,358,537,537,0.333333333,590.7,590
685,49108088,ユースキン　ハナ　無香料　５０ｇ,,0,455,682.5,682,0.333333333,750.2,750
2,49108064,ユースキン　ハナ　ラベンダー　５０ｇ,,0,455,682.5,682,0.333333333,750.2,750
684,49108040,ユースキン　ハナ　ローズ　５０ｇ,,0,455,682.5,682,0.333333333,750.2,750
509,45209611,ピタスのどトローチ　ライチ１２個,,0,350,525,525,0.333333333,577.5,577
508,45209604,ピタスのどトローチ　オレンジ　１２個,,0,350,525,525,0.333333333,577.5,577
1,45208225,タイガーバームＷ３０ｇ,,4,796,1194,1194,0.333333333,1313.4,1313
507,45208218,タイガーバームＷ１９．４ｇ,,4,594,891,891,0.333333333,980.1,980
506,45198625,☆ピタスせきトローチ　１２個,,3,490,735,735,0.333333333,808.5,808
505,45198618,ピタスのどトローチ１２個,,0,350,525,525,0.333333333,577.5,577
504,45193279,ユースキンｈａｎａハンドクリーム　サクラ　５０ｇ,,0,455,682.5,682,0.333333333,750.2,750
503,45193255,ユースキンハナユズ５０ｇ,,0,455,682.5,682,0.333333333,750.2,750
501,45144684,☆ピュアクイックＳ軟膏２ｇＸ１本,,2,360,540,540,0.333333333,594,594
